file1,file2,loc_diff,loc_sum,loc_ratio,import_jaccard,import_overlap,import_diff_count,node_cosine,node_hist_l1,node_hist_l2,node_unique_diff,node_total_diff,node_total_ratio,node_diff_Name,node_diff_Load,node_diff_Constant,node_diff_Call,node_diff_Store,node_diff_BinOp,node_diff_Add,node_diff_Assign,node_diff_arg,node_diff_arguments,node_diff_Return,node_diff_FunctionDef,node_diff_Compare,node_diff_AugAssign,node_diff_Eq,node_diff_Module,node_diff_Expr,node_diff_alias,node_diff_Mod,node_diff_Import,subtree_jaccard,subtree_overlap,subtree_diff_count,canonical_similarity,canonical_length_diff,canonical_length_ratio,func_count_diff,func_count_ratio,avg_func_args_diff,avg_func_args_ratio,avg_cc_diff,avg_cc_ratio,max_cc_diff,ident_jaccard,ident_overlap,ident_diff_count,ident_diff_i,ident_diff_rst,ident_diff_ttl,ident_diff_n,ident_diff_print,ident_diff_ft,ident_diff_range,ident_diff_math,ident_diff_result,ident_diff_total,ident_diff_sum,ident_diff_j,ident_diff_factorial_sum,ident_diff_x,ident_diff_factorial,ident_diff_even_factorial,ident_diff_map,ident_diff_process,ident_diff_reduce,ident_total_diff,ident_total_ratio,label
my_code.json,my_code2.json,1.0,27.0,0.9285714285714286,1.0,1.0,0.0,1.0,0.0,0.0,0.0,0.0,1.0,0.0,0.0,0.0,0.0,0.0,0.0,0.0,0.0,0.0,0.0,0.0,0.0,0.0,0.0,0.0,0.0,0.0,0.0,0.0,0.0,0.0,0.0,0.0,1.0,0.0,1.0,0.0,1.0,0.0,1.0,0.0,1.0,0.0,0.4545454545454545,5.0,0.0,0.0,2.0,4.0,0.0,0.0,1.0,0.0,0.0,2.0,4.0,0.0,0.0,1.0,0.0,0.0,0.0,0.0,0.0,0.0,0.0,1.0,1
my_code.json,my_code3.json,5.0,23.0,0.6428571428571429,1.0,1.0,0.0,0.9690188158837494,18.0,5.830951894845301,0.0,10.0,0.8461538461538461,3.0,0.0,1.0,1.0,3.0,0.0,2.0,1.0,0.0,0.0,0.0,0.0,0.0,2.0,0.0,0.0,0.0,0.0,0.0,0.0,0.0,0.0,2.0,0.5671641791044776,67.0,0.6666666666666666,0.0,1.0,0.0,1.0,0.0,1.0,0.0,0.4545454545454545,5.0,0.0,0.0,2.0,0.0,0.0,0.0,1.0,0.0,0.0,2.0,4.0,1.0,0.0,1.0,0.0,0.0,0.0,0.0,0.0,0.0,3.0,0.8,0
my_code.json,my_code4.json,0.0,28.0,1.0,1.0,1.0,0.0,0.989336566131033,10.0,3.1622776601683795,1.0,0.0,1.0,0.0,0.0,0.0,1.0,0.0,1.0,1.0,1.0,0.0,0.0,0.0,0.0,1.0,0.0,0.0,0.0,0.0,0.0,0.0,0.0,0.0,0.0,1.0,0.6578947368421053,22.0,0.8905472636815921,0.0,1.0,0.0,1.0,0.0,1.0,0.0,0.3636363636363636,4.0,1.0,2.0,2.0,3.0,0.0,0.0,1.0,1.0,0.0,2.0,4.0,0.0,0.0,1.0,0.0,0.0,0.0,0.0,0.0,0.0,0.0,1.0,0
my_code.json,my_code5.json,5.0,33.0,0.7368421052631579,0.0,0.0,1.0,0.992431832308787,30.0,9.486832980505138,2.0,24.0,0.7303370786516854,7.0,3.0,3.0,1.0,3.0,1.0,1.0,1.0,1.0,1.0,1.0,1.0,0.0,1.0,0.0,0.0,0.0,1.0,0.0,1.0,0.0,0.0,2.0,0.285097192224622,61.0,0.767175572519084,1.0,0.5,0.0,1.0,0.5,0.8333333333333334,0.0,0.3571428571428571,5.0,3.0,0.0,2.0,4.0,0.0,0.0,1.0,1.0,1.0,1.0,4.0,0.0,2.0,1.0,1.0,1.0,0.0,0.0,0.0,0.0,7.0,0.6818181818181818,0
my_code.json,my_code6.json,1.0,29.0,0.9333333333333332,1.0,1.0,0.0,0.9886123743864004,13.0,3.872983346207417,0.0,5.0,0.9285714285714286,1.0,2.0,0.0,1.0,1.0,0.0,1.0,0.0,1.0,1.0,1.0,1.0,0.0,1.0,0.0,0.0,0.0,0.0,0.0,0.0,0.0,0.0,0.0,0.6106870229007634,9.0,0.9552238805970148,1.0,0.5,0.0,1.0,1.0,0.6666666666666666,1.0,0.4166666666666667,5.0,1.0,1.0,2.0,3.0,0.0,0.0,1.0,0.0,0.0,2.0,4.0,0.0,0.0,1.0,0.0,0.0,1.0,0.0,0.0,0.0,1.0,0.9375,0
my_code.json,my_code7.json,3.0,25.0,0.7857142857142857,1.0,1.0,0.0,0.9511918954860836,23.0,6.708203932499369,2.0,5.0,0.9230769230769232,2.0,2.0,1.0,2.0,4.0,0.0,2.0,1.0,1.0,1.0,1.0,1.0,0.0,2.0,0.0,0.0,0.0,0.0,0.0,0.0,0.0,0.0,1.0,0.628099173553719,39.0,0.8059701492537313,1.0,0.5,0.0,1.0,2.0,0.3333333333333333,2.0,0.3846153846153846,5.0,2.0,1.0,2.0,0.0,0.0,0.0,1.0,0.0,0.0,2.0,4.0,1.0,0.0,1.0,0.0,0.0,0.0,1.0,1.0,0.0,2.0,0.8666666666666667,0
my_code.json,my_code8.json,3.0,25.0,0.7857142857142857,1.0,1.0,0.0,0.9528866892400868,20.0,6.928203230275509,0.0,8.0,0.8769230769230769,4.0,0.0,0.0,0.0,4.0,1.0,2.0,1.0,0.0,0.0,1.0,0.0,1.0,2.0,1.0,0.0,0.0,0.0,0.0,0.0,0.0,0.0,1.0,0.6175637393767706,49.0,0.7562189054726368,0.0,1.0,0.0,1.0,0.0,1.0,0.0,0.3,3.0,3.0,4.0,2.0,0.0,4.0,0.0,2.0,1.0,0.0,2.0,4.0,0.0,0.0,1.0,0.0,0.0,0.0,0.0,0.0,0.0,4.0,0.7333333333333333,0
my_code.json,my_code9.json,4.0,24.0,0.7142857142857143,0.5,1.0,1.0,0.951305177199794,23.0,6.708203932499369,0.0,3.0,0.953846153846154,3.0,1.0,0.0,1.0,4.0,1.0,1.0,1.0,2.0,1.0,0.0,0.0,0.0,2.0,0.0,0.0,0.0,1.0,0.0,0.0,0.0,0.0,2.0,0.5132275132275133,24.0,0.8805970149253731,0.0,1.0,0.0,1.0,1.0,0.6666666666666666,1.0,0.4166666666666667,5.0,1.0,1.0,2.0,1.0,0.0,0.0,1.0,0.0,0.0,2.0,4.0,0.0,0.0,1.0,0.0,0.0,0.0,0.0,0.0,1.0,3.0,0.8,0
my_code2.json,my_code3.json,4.0,22.0,0.6923076923076923,1.0,1.0,0.0,0.9690188158837494,18.0,5.830951894845301,0.0,10.0,0.8461538461538461,3.0,0.0,1.0,1.0,3.0,0.0,2.0,1.0,0.0,0.0,0.0,0.0,0.0,2.0,0.0,0.0,0.0,0.0,0.0,0.0,0.0,0.0,2.0,0.5671641791044776,67.0,0.6666666666666666,0.0,1.0,0.0,1.0,0.0,1.0,0.0,0.7777777777777778,7.0,0.0,0.0,0.0,4.0,0.0,0.0,0.0,0.0,0.0,0.0,0.0,1.0,0.0,0.0,0.0,0.0,0.0,0.0,0.0,0.0,3.0,0.8,0
my_code2.json,my_code4.json,1.0,27.0,0.9285714285714286,1.0,1.0,0.0,0.989336566131033,10.0,3.1622776601683795,1.0,0.0,1.0,0.0,0.0,0.0,1.0,0.0,1.0,1.0,1.0,0.0,0.0,0.0,0.0,1.0,0.0,0.0,0.0,0.0,0.0,0.0,0.0,0.0,0.0,1.0,0.6578947368421053,22.0,0.8905472636815921,0.0,1.0,0.0,1.0,0.0,1.0,0.0,0.875,7.0,1.0,2.0,0.0,1.0,0.0,0.0,0.0,1.0,0.0,0.0,0.0,0.0,0.0,0.0,0.0,0.0,0.0,0.0,0.0,0.0,0.0,1.0,0
my_code2.json,my_code5.json,6.0,32.0,0.6842105263157895,0.0,0.0,1.0,0.992431832308787,30.0,9.486832980505138,2.0,24.0,0.7303370786516854,7.0,3.0,3.0,1.0,3.0,1.0,1.0,1.0,1.0,1.0,1.0,1.0,0.0,1.0,0.0,0.0,0.0,1.0,0.0,1.0,0.0,0.0,2.0,0.285097192224622,61.0,0.767175572519084,1.0,0.5,0.0,1.0,0.5,0.8333333333333334,0.0,0.5833333333333334,7.0,3.0,0.0,0.0,0.0,0.0,0.0,0.0,1.0,1.0,3.0,0.0,0.0,2.0,0.0,1.0,1.0,0.0,0.0,0.0,0.0,7.0,0.6818181818181818,0
my_code2.json,my_code6.json,2.0,28.0,0.8666666666666667,1.0,1.0,0.0,0.9886123743864004,13.0,3.872983346207417,0.0,5.0,0.9285714285714286,1.0,2.0,0.0,1.0,1.0,0.0,1.0,0.0,1.0,1.0,1.0,1.0,0.0,1.0,0.0,0.0,0.0,0.0,0.0,0.0,0.0,0.0,0.0,0.6106870229007634,9.0,0.9552238805970148,1.0,0.5,0.0,1.0,1.0,0.6666666666666666,1.0,0.8888888888888888,8.0,1.0,1.0,0.0,1.0,0.0,0.0,0.0,0.0,0.0,0.0,0.0,0.0,0.0,0.0,0.0,0.0,1.0,0.0,0.0,0.0,1.0,0.9375,0
my_code2.json,my_code7.json,2.0,24.0,0.8461538461538461,1.0,1.0,0.0,0.9511918954860836,23.0,6.708203932499369,2.0,5.0,0.9230769230769232,2.0,2.0,1.0,2.0,4.0,0.0,2.0,1.0,1.0,1.0,1.0,1.0,0.0,2.0,0.0,0.0,0.0,0.0,0.0,0.0,0.0,0.0,1.0,0.628099173553719,39.0,0.8059701492537313,1.0,0.5,0.0,1.0,2.0,0.3333333333333333,2.0,0.6363636363636364,7.0,2.0,1.0,0.0,4.0,0.0,0.0,0.0,0.0,0.0,0.0,0.0,1.0,0.0,0.0,0.0,0.0,0.0,1.0,1.0,0.0,2.0,0.8666666666666667,0
my_code2.json,my_code8.json,2.0,24.0,0.8461538461538461,1.0,1.0,0.0,0.9528866892400868,20.0,6.928203230275509,0.0,8.0,0.8769230769230769,4.0,0.0,0.0,0.0,4.0,1.0,2.0,1.0,0.0,0.0,1.0,0.0,1.0,2.0,1.0,0.0,0.0,0.0,0.0,0.0,0.0,0.0,1.0,0.6175637393767706,49.0,0.7562189054726368,0.0,1.0,0.0,1.0,0.0,1.0,0.0,0.625,5.0,3.0,4.0,0.0,4.0,4.0,0.0,1.0,1.0,0.0,0.0,0.0,0.0,0.0,0.0,0.0,0.0,0.0,0.0,0.0,0.0,4.0,0.7333333333333333,0
my_code2.json,my_code9.json,3.0,23.0,0.7692307692307693,0.5,1.0,1.0,0.951305177199794,23.0,6.708203932499369,0.0,3.0,0.953846153846154,3.0,1.0,0.0,1.0,4.0,1.0,1.0,1.0,2.0,1.0,0.0,0.0,0.0,2.0,0.0,0.0,0.0,1.0,0.0,0.0,0.0,0.0,2.0,0.5132275132275133,24.0,0.8805970149253731,0.0,1.0,0.0,1.0,1.0,0.6666666666666666,1.0,0.8888888888888888,8.0,1.0,1.0,0.0,3.0,0.0,0.0,0.0,0.0,0.0,0.0,0.0,0.0,0.0,0.0,0.0,0.0,0.0,0.0,0.0,1.0,3.0,0.8,0
my_code3.json,my_code4.json,5.0,23.0,0.6428571428571429,1.0,1.0,0.0,0.9628742368263888,20.0,6.164414002968976,1.0,10.0,0.8461538461538461,3.0,0.0,1.0,2.0,3.0,1.0,1.0,2.0,0.0,0.0,0.0,0.0,1.0,2.0,0.0,0.0,0.0,0.0,0.0,0.0,0.0,0.0,1.0,0.6773162939297125,45.0,0.7486033519553073,0.0,1.0,0.0,1.0,0.0,1.0,0.0,0.6666666666666666,6.0,1.0,2.0,0.0,3.0,0.0,0.0,0.0,1.0,0.0,0.0,0.0,1.0,0.0,0.0,0.0,0.0,0.0,0.0,0.0,0.0,3.0,0.8,0
my_code3.json,my_code5.json,10.0,28.0,0.4736842105263157,0.0,0.0,1.0,0.9493145732154008,46.0,14.142135623730953,2.0,34.0,0.6179775280898876,10.0,3.0,4.0,0.0,6.0,1.0,3.0,2.0,1.0,1.0,1.0,1.0,0.0,3.0,0.0,0.0,0.0,1.0,0.0,1.0,0.0,0.0,4.0,0.2323232323232323,128.0,0.5114503816793893,1.0,0.5,0.0,1.0,0.5,0.8333333333333334,0.0,0.4615384615384615,6.0,3.0,0.0,0.0,4.0,0.0,0.0,0.0,1.0,1.0,3.0,0.0,1.0,2.0,0.0,1.0,1.0,0.0,0.0,0.0,0.0,10.0,0.5454545454545454,0
my_code3.json,my_code6.json,6.0,24.0,0.6,1.0,1.0,0.0,0.9864630360458384,19.0,5.916079783099616,0.0,15.0,0.7857142857142857,4.0,2.0,1.0,0.0,2.0,0.0,1.0,1.0,1.0,1.0,1.0,1.0,0.0,1.0,0.0,0.0,0.0,0.0,0.0,0.0,0.0,0.0,2.0,0.7607361963190185,58.0,0.6979166666666666,1.0,0.5,0.0,1.0,1.0,0.6666666666666666,1.0,0.7,7.0,1.0,1.0,0.0,3.0,0.0,0.0,0.0,0.0,0.0,0.0,0.0,1.0,0.0,0.0,0.0,0.0,1.0,0.0,0.0,0.0,4.0,0.75,1
my_code3.json,my_code7.json,2.0,20.0,0.8181818181818182,1.0,1.0,0.0,0.9901475429766744,11.0,3.605551275463989,2.0,5.0,0.9166666666666666,1.0,2.0,0.0,1.0,1.0,0.0,0.0,0.0,1.0,1.0,1.0,1.0,0.0,0.0,0.0,0.0,0.0,0.0,0.0,0.0,0.0,0.0,1.0,0.7837837837837838,28.0,0.8271604938271605,1.0,0.5,0.0,1.0,2.0,0.3333333333333333,2.0,0.8,8.0,2.0,1.0,0.0,0.0,0.0,0.0,0.0,0.0,0.0,0.0,0.0,0.0,0.0,0.0,0.0,0.0,0.0,1.0,1.0,0.0,1.0,0.9230769230769232,1
my_code3.json,my_code8.json,2.0,20.0,0.8181818181818182,1.0,1.0,0.0,0.9827742316193412,12.0,3.4641016151377544,0.0,2.0,0.9649122807017544,1.0,0.0,1.0,1.0,1.0,1.0,0.0,0.0,0.0,0.0,1.0,0.0,1.0,0.0,1.0,0.0,0.0,0.0,0.0,0.0,0.0,0.0,1.0,0.7482517482517482,18.0,0.881578947368421,0.0,1.0,0.0,1.0,0.0,1.0,0.0,0.625,5.0,3.0,4.0,0.0,0.0,4.0,0.0,1.0,1.0,0.0,0.0,0.0,1.0,0.0,0.0,0.0,0.0,0.0,0.0,0.0,0.0,1.0,0.9166666666666666,1
my_code3.json,my_code9.json,1.0,19.0,0.9,0.5,1.0,1.0,0.9827823190059648,13.0,3.872983346207417,0.0,7.0,0.8870967741935484,0.0,1.0,1.0,0.0,1.0,1.0,1.0,0.0,2.0,1.0,0.0,0.0,0.0,0.0,0.0,0.0,0.0,1.0,0.0,0.0,0.0,0.0,0.0,0.7395498392282959,43.0,0.7570621468926554,0.0,1.0,0.0,1.0,1.0,0.6666666666666666,1.0,0.7,7.0,1.0,1.0,0.0,1.0,0.0,0.0,0.0,0.0,0.0,0.0,0.0,1.0,0.0,0.0,0.0,0.0,0.0,0.0,0.0,1.0,0.0,1.0,1
my_code4.json,my_code5.json,5.0,33.0,0.7368421052631579,0.0,0.0,1.0,0.9821671947567668,38.0,10.295630140987,3.0,24.0,0.7303370786516854,7.0,3.0,3.0,2.0,3.0,2.0,2.0,0.0,1.0,1.0,1.0,1.0,1.0,1.0,0.0,0.0,0.0,1.0,0.0,1.0,0.0,0.0,3.0,0.1723356009070294,83.0,0.683206106870229,1.0,0.5,0.0,1.0,0.5,0.8333333333333334,0.0,0.5,6.0,4.0,2.0,0.0,1.0,0.0,0.0,0.0,2.0,1.0,3.0,0.0,0.0,2.0,0.0,1.0,1.0,0.0,0.0,0.0,0.0,7.0,0.6818181818181818,0
my_code4.json,my_code6.json,1.0,29.0,0.9333333333333332,1.0,1.0,0.0,0.9831486491142588,17.0,4.58257569495584,1.0,5.0,0.9285714285714286,1.0,2.0,0.0,2.0,1.0,1.0,0.0,1.0,1.0,1.0,1.0,1.0,1.0,1.0,0.0,0.0,0.0,0.0,0.0,0.0,0.0,0.0,1.0,0.6522911051212938,13.0,0.9322916666666666,1.0,0.5,0.0,1.0,1.0,0.6666666666666666,1.0,0.7777777777777778,7.0,2.0,1.0,0.0,0.0,0.0,0.0,0.0,1.0,0.0,0.0,0.0,0.0,0.0,0.0,0.0,0.0,1.0,0.0,0.0,0.0,1.0,0.9375,0
my_code4.json,my_code7.json,3.0,25.0,0.7857142857142857,1.0,1.0,0.0,0.944074262289963,25.0,7.14142842854285,3.0,5.0,0.9230769230769232,2.0,2.0,1.0,3.0,4.0,1.0,1.0,2.0,1.0,1.0,1.0,1.0,1.0,2.0,0.0,0.0,0.0,0.0,0.0,0.0,0.0,0.0,0.0,0.6862170087976539,17.0,0.905027932960894,1.0,0.5,0.0,1.0,2.0,0.3333333333333333,2.0,0.5454545454545454,6.0,3.0,3.0,0.0,3.0,0.0,0.0,0.0,1.0,0.0,0.0,0.0,1.0,0.0,0.0,0.0,0.0,0.0,1.0,1.0,0.0,2.0,0.8666666666666667,0
my_code4.json,my_code8.json,3.0,25.0,0.7857142857142857,1.0,1.0,0.0,0.946494867689314,22.0,7.211102550927978,1.0,8.0,0.8769230769230769,4.0,0.0,0.0,1.0,4.0,2.0,1.0,2.0,0.0,0.0,1.0,0.0,0.0,2.0,1.0,0.0,0.0,0.0,0.0,0.0,0.0,0.0,0.0,0.6465256797583081,27.0,0.8491620111731844,0.0,1.0,0.0,1.0,0.0,1.0,0.0,0.7142857142857143,5.0,2.0,6.0,0.0,3.0,4.0,0.0,1.0,0.0,0.0,0.0,0.0,0.0,0.0,0.0,0.0,0.0,0.0,0.0,0.0,0.0,4.0,0.7333333333333333,0
my_code4.json,my_code9.json,4.0,24.0,0.7142857142857143,0.5,1.0,1.0,0.9413124759573042,25.0,7.280109889280518,1.0,3.0,0.953846153846154,3.0,1.0,0.0,2.0,4.0,2.0,0.0,2.0,2.0,1.0,0.0,0.0,1.0,2.0,0.0,0.0,0.0,1.0,0.0,0.0,0.0,0.0,1.0,0.5955056179775281,2.0,0.988826815642458,0.0,1.0,0.0,1.0,1.0,0.6666666666666666,1.0,0.7777777777777778,7.0,2.0,3.0,0.0,2.0,0.0,0.0,0.0,1.0,0.0,0.0,0.0,0.0,0.0,0.0,0.0,0.0,0.0,0.0,0.0,1.0,3.0,0.8,0
my_code5.json,my_code6.json,4.0,34.0,0.7894736842105263,0.0,0.0,1.0,0.9802384534371128,27.0,8.888194417315589,2.0,19.0,0.7865168539325843,6.0,1.0,3.0,0.0,4.0,1.0,2.0,1.0,0.0,0.0,0.0,0.0,0.0,2.0,0.0,0.0,0.0,1.0,0.0,1.0,0.0,0.0,2.0,0.4449339207048458,70.0,0.732824427480916,0.0,1.0,0.0,1.0,0.5,0.8,1.0,0.5384615384615384,7.0,2.0,1.0,0.0,1.0,0.0,0.0,0.0,1.0,1.0,3.0,0.0,0.0,2.0,0.0,1.0,1.0,1.0,0.0,0.0,0.0,6.0,0.7272727272727273,0
my_code5.json,my_code7.json,8.0,30.0,0.5789473684210527,0.0,0.0,1.0,0.9313379922529116,39.0,13.45362404707371,0.0,29.0,0.6741573033707865,9.0,1.0,4.0,1.0,7.0,1.0,3.0,2.0,0.0,0.0,0.0,0.0,0.0,3.0,0.0,0.0,0.0,1.0,0.0,1.0,0.0,0.0,3.0,0.4433962264150943,100.0,0.6183206106870229,0.0,1.0,0.0,1.0,1.5,0.4,2.0,0.4,6.0,1.0,1.0,0.0,4.0,0.0,0.0,0.0,1.0,1.0,3.0,0.0,1.0,2.0,0.0,1.0,1.0,0.0,1.0,1.0,0.0,9.0,0.5909090909090909,0
my_code5.json,my_code8.json,8.0,30.0,0.5789473684210527,0.0,0.0,1.0,0.9303665046183311,46.0,15.033296378372908,2.0,32.0,0.6404494382022472,11.0,3.0,3.0,1.0,7.0,0.0,3.0,2.0,1.0,1.0,0.0,1.0,1.0,3.0,1.0,0.0,0.0,1.0,0.0,1.0,0.0,0.0,3.0,0.357487922705314,110.0,0.5801526717557252,1.0,0.5,0.0,1.0,0.5,0.8333333333333334,0.0,0.3333333333333333,4.0,6.0,4.0,0.0,4.0,4.0,0.0,1.0,2.0,1.0,3.0,0.0,0.0,2.0,0.0,1.0,1.0,0.0,0.0,0.0,0.0,11.0,0.5,0
my_code5.json,my_code9.json,9.0,29.0,0.5263157894736842,0.0,0.0,2.0,0.9296427345074458,43.0,14.0356688476182,2.0,27.0,0.6966292134831461,10.0,2.0,3.0,0.0,7.0,0.0,2.0,2.0,1.0,0.0,1.0,1.0,0.0,3.0,0.0,0.0,0.0,2.0,0.0,1.0,0.0,0.0,4.0,0.3052391799544419,85.0,0.6755725190839694,1.0,0.5,0.0,1.0,0.5,0.8,1.0,0.5384615384615384,7.0,2.0,1.0,0.0,3.0,0.0,0.0,0.0,1.0,1.0,3.0,0.0,0.0,2.0,0.0,1.0,1.0,0.0,0.0,0.0,1.0,10.0,0.5454545454545454,0
my_code6.json,my_code7.json,4.0,26.0,0.7333333333333333,1.0,1.0,0.0,0.9821328835236316,12.0,4.898979485566356,2.0,10.0,0.8571428571428571,3.0,0.0,1.0,1.0,3.0,0.0,1.0,1.0,0.0,0.0,0.0,0.0,0.0,1.0,0.0,0.0,0.0,0.0,0.0,0.0,0.0,0.0,1.0,0.6271186440677966,30.0,0.84375,0.0,1.0,0.0,1.0,1.0,0.5,1.0,0.5833333333333334,7.0,1.0,2.0,0.0,3.0,0.0,0.0,0.0,0.0,0.0,0.0,0.0,1.0,0.0,0.0,0.0,0.0,1.0,1.0,1.0,0.0,3.0,0.8125,0
my_code6.json,my_code8.json,4.0,26.0,0.7333333333333333,1.0,1.0,0.0,0.9703723764452562,23.0,7.14142842854285,0.0,13.0,0.8142857142857143,5.0,2.0,0.0,1.0,3.0,1.0,1.0,1.0,1.0,1.0,0.0,1.0,1.0,1.0,1.0,0.0,0.0,0.0,0.0,0.0,0.0,0.0,1.0,0.6395348837209303,40.0,0.7916666666666666,1.0,0.5,0.0,1.0,1.0,0.6666666666666666,1.0,0.5555555555555556,5.0,4.0,5.0,0.0,3.0,4.0,0.0,1.0,1.0,0.0,0.0,0.0,0.0,0.0,0.0,0.0,0.0,1.0,0.0,0.0,0.0,5.0,0.6875,0
my_code6.json,my_code9.json,5.0,25.0,0.6666666666666666,0.5,1.0,1.0,0.974146055672172,18.0,6.0,0.0,8.0,0.8857142857142857,4.0,1.0,0.0,0.0,3.0,1.0,0.0,1.0,1.0,0.0,1.0,1.0,0.0,1.0,0.0,0.0,0.0,1.0,0.0,0.0,0.0,0.0,2.0,0.5962059620596206,15.0,0.921875,1.0,0.5,0.0,1.0,0.0,1.0,0.0,0.8,8.0,0.0,2.0,0.0,2.0,0.0,0.0,0.0,0.0,0.0,0.0,0.0,0.0,0.0,0.0,0.0,0.0,1.0,0.0,0.0,1.0,4.0,0.75,0
my_code7.json,my_code8.json,0.0,22.0,1.0,1.0,1.0,0.0,0.9810816847975308,15.0,4.58257569495584,2.0,3.0,0.95,2.0,2.0,1.0,2.0,0.0,1.0,0.0,0.0,1.0,1.0,0.0,1.0,1.0,0.0,1.0,0.0,0.0,0.0,0.0,0.0,0.0,0.0,0.0,0.7579617834394905,10.0,0.9382716049382716,1.0,0.5,0.0,1.0,2.0,0.3333333333333333,2.0,0.5,5.0,5.0,3.0,0.0,0.0,4.0,0.0,1.0,1.0,0.0,0.0,0.0,1.0,0.0,0.0,0.0,0.0,0.0,1.0,1.0,0.0,2.0,0.8461538461538461,1
my_code7.json,my_code9.json,1.0,21.0,0.9090909090909092,0.5,1.0,1.0,0.9867386288810952,12.0,3.4641016151377544,2.0,2.0,0.967741935483871,1.0,1.0,1.0,1.0,0.0,1.0,1.0,0.0,1.0,0.0,1.0,1.0,0.0,0.0,0.0,0.0,0.0,1.0,0.0,0.0,0.0,0.0,1.0,0.696165191740413,15.0,0.9152542372881356,1.0,0.5,0.0,1.0,1.0,0.5,1.0,0.5833333333333334,7.0,1.0,0.0,0.0,1.0,0.0,0.0,0.0,0.0,0.0,0.0,0.0,1.0,0.0,0.0,0.0,0.0,0.0,1.0,1.0,1.0,1.0,0.9230769230769232,0
my_code8.json,my_code9.json,1.0,21.0,0.9090909090909092,0.5,1.0,1.0,0.9807786617685396,15.0,4.123105625617661,0.0,5.0,0.9193548387096774,1.0,1.0,0.0,1.0,0.0,0.0,1.0,0.0,2.0,1.0,1.0,0.0,1.0,0.0,1.0,0.0,0.0,1.0,0.0,0.0,0.0,0.0,1.0,0.668693009118541,25.0,0.8587570621468926,0.0,1.0,0.0,1.0,1.0,0.6666666666666666,1.0,0.5555555555555556,5.0,4.0,3.0,0.0,1.0,4.0,0.0,1.0,1.0,0.0,0.0,0.0,0.0,0.0,0.0,0.0,0.0,0.0,0.0,0.0,1.0,1.0,0.9166666666666666,0
original_0.py,plagiarized_0.py,2.155495566402331,24.614628618568023,0.9249240191801926,0.8025469645914651,1.0725212738462044,0.19023341992065254,1.0790463025553567,12.626423503619693,3.903650547802545,0.6296585006851059,4.861871696929562,0.7983885011938017,1.465235372610829,1.2728472681244725,0.5563121367731095,0.7078569282604488,0.6845495223515718,0.5242238312851788,0.27739004145261015,0.16176076907555667,0.7938085338850811,0.6066767367417866,0.5064090110277742,0.5172992384877051,0.3423334676781164,0.16139881642156254,0.3077205308442831,0.0,0.0,0.18261545076231156,0.0,0.0,0.0,0.0,0.6538105521950484,0.7326261991902994,26.07856132690606,0.8548805740662101,0.5210847442240255,0.7313084004417337,0.0,0.8772533931835665,0.98105985726374,0.732074196935639,1.0894432116932906,0.5024130060037997,6.730314147929212,1.9295658141961922,1.5268183600744012,0.2913521299579102,1.519450924880198,1.2016684990762811,0.0,0.5091756198017614,0.36142822474652586,0.0,0.32331030917743175,0.6868138040729163,0.757194725544742,0.0,0.15180956333156792,0.0,0.0,0.14136820095397915,0.32711684379027084,0.31980657579828164,0.1594942476797394,1.1954305503044171,0.9060927270324046,1
original_1.py,plagiarized_1.py,2.0013715426188003,24.96529193694491,0.897870037292448,0.8996169407346452,1.0456015342249376,0.17446378673741803,0.9943596646719665,10.881024654780697,3.8426902962217895,0.6452415411484312,5.3498361885979735,1.108218142805778,1.2985545409628043,1.3030458977477195,0.600608328079506,0.6538893057553524,0.8465140850873437,0.509300112079505,0.33186255122897645,0.17783756391936165,0.8045865533499864,0.6423558891194474,0.4772372762735305,0.45474618049049964,0.27234605653672533,0.1544107278680047,0.3595070188989614,0.0,0.0,0.1868976509362568,0.0,0.0,0.0,0.0,0.7862611524349732,0.8448089145445168,26.89459993280759,0.8357236835547881,0.4709641778137394,0.7713730277725834,0.0,1.0845883014810216,1.0375534140864993,0.6852060766828781,0.9515096977058743,0.5890174371334564,6.351281238951132,2.0047121289355756,1.8068126761543821,0.36753604099949627,1.0764686166663062,1.3848313707114526,0.0,0.6088685130208304,0.36240980698913405,0.0,0.3196816026897734,0.6557072981721463,0.6939274713485521,0.0,0.16421693453934275,0.0,0.0,0.17692349597666857,0.3100325271716946,0.303486890158186,0.18595985230232243,1.3725376127669138,1.04631577591056,1
original_2.py,plagiarized_2.py,2.1067751892948,22.32951699630658,0.7843758795132224,0.9500746221035039,0.8726439626735715,0.1910842533944397,0.9224970324107651,9.867935354288935,3.860782067015879,0.653936605565103,4.3429644874304,0.9949581897406246,1.1798407286010384,1.3119720295623858,0.7493646869368366,0.7509506702840929,0.8444179955356319,0.5969578526676571,0.3048454147239209,0.17842260048477712,0.6836860482984775,0.7265111620272854,0.5839008183008518,0.49088116254556374,0.3260394323817662,0.16968394181683416,0.3314230532178852,0.0,0.0,0.15461509806155307,0.0,0.0,0.0,0.0,0.6703778359032999,0.8413522187350215,24.663731833093657,0.8140339826725642,0.505925041058182,0.7591755254159361,0.0,0.9517538116383248,1.1366125394729742,0.7389484114055562,0.8275453246127735,0.5753065045722665,7.387095391620379,2.1265944506268624,1.7922007524136365,0.35617995366621313,1.360484818065521,1.2800129473376243,0.0,0.507815774705287,0.28053312638179173,0.0,0.2803133278445802,0.6296706412829169,0.6804579266946349,0.0,0.1516064045260537,0.0,0.0,0.16176682271262638,0.3586831775745677,0.33305298573574965,0.18513961948579793,1.0712291149495616,0.8040066997277987,1
original_3.py,plagiarized_3.py,1.760623514733937,23.834917162680647,0.811589651248506,0.8454539901090231,1.03693289708114,0.19229735436004125,0.9118509477211068,10.85729760206294,2.9436246428300703,0.5221582469705344,5.384727039831329,0.8530517185838437,1.366722138974619,1.3830420290909597,0.6035979642574562,0.6233953626225248,0.9240249890594044,0.5361291836386033,0.36592882591548737,0.17668635173972008,0.900657067702456,0.668313479604282,0.5347699848796508,0.501341747774497,0.33747081975878024,0.1847081176477882,0.3662044899339602,0.0,0.0,0.1842809641802874,0.0,0.0,0.0,0.0,0.7581434375832956,0.8622316089640826,29.20854138736504,0.8806246060851114,0.6658425197215156,0.8060097469946195,0.0,0.939551257931042,1.032062654440685,0.5868249476992307,0.9029554990002434,0.6107000263590744,6.046589024266754,1.9684000885713497,1.8581309638725196,0.3264854744539688,1.3144513883001512,1.239502858199308,0.0,0.5013464886780267,0.3338173951498762,0.0,0.28107039428884134,0.6713525736513363,0.6254064421147539,0.0,0.18518012399415834,0.0,0.0,0.16770029149966864,0.38700834983053056,0.38145760675152396,0.15389689687623487,1.5158402581119461,0.9549442467549176,1
original_4.py,plagiarized_4.py,1.9750044434030245,20.865111651459742,0.9508841329942785,0.8821772700726429,1.181035156270016,0.15338916253512053,1.0398337399976891,11.355971870801378,3.1097044970300853,0.6420653944676438,4.9324338272797945,1.1650899984612908,1.355671461568031,1.2574324243819743,0.5827547206625249,0.663981009999878,0.655289344309176,0.5756188310034761,0.27435897741455756,0.13983337680214214,0.9406353590324982,0.7518939580690153,0.4896734003971369,0.4960075809307269,0.3116647986206699,0.140363551624622,0.2889108772283099,0.0,0.0,0.1784880487784761,0.0,0.0,0.0,0.0,0.6822748128973825,0.9281109692840308,24.885619044106257,0.8225311667971268,0.5144372643215649,0.8066172365250854,0.0,0.8948169994890962,0.9874645027712184,0.6399297002784566,0.9503216886474217,0.6172628735243904,7.407620745658843,1.6283175025821912,1.6882044269690781,0.3343251363346687,1.456011269355623,1.2102383490842503,0.0,0.5467428730473687,0.3394241341709343,0.0,0.35607782605489374,0.6506558219244065,0.7459688100487696,0.0,0.190349055918973,0.0,0.0,0.18003167894206373,0.31344005350596277,0.3400880215958625,0.17500121451183534,1.3314471856156391,0.8862359183558303,1
original_5.py,plagiarized_5.py,1.887612675729976,22.460180548832344,0.8649875529852276,0.7708434488731732,1.0058509809846357,0.19149575365914656,0.9732249343219828,14.850061331296565,3.55622094469812,0.6911254181099673,5.445349926059391,0.88464347284653,1.2564349475187042,1.2920076464033263,0.6042907048951255,0.5454896079330042,0.7562861361502805,0.47016877045684474,0.32594303114097023,0.18405921978631462,0.856811929179298,0.5777977402146797,0.4174246271381783,0.5237679635682894,0.3534844878809932,0.1526727737770763,0.3171538784758532,0.0,0.0,0.1345688877092846,0.0,0.0,0.0,0.0,0.5908189611924025,0.8201585156856089,26.094808111952105,0.9366272899666436,0.5904654365097238,0.7306680611444694,0.0,1.0040475377403082,1.0829466500427756,0.789408187438794,0.9799508428202479,0.6465016409468831,5.980809189042766,1.9739173055163486,1.6574641095389744,0.357331830247364,1.4746102002643644,1.4683067853694869,0.0,0.4878739388584785,0.31673741211234424,0.0,0.3243789680855999,0.5967857806879028,0.6902035978912568,0.0,0.17260153862045785,0.0,0.0,0.19059473542961844,0.3205497572592477,0.33505686147891095,0.15912508250199667,1.3150582049582928,0.8659339694832018,1
original_6.py,plagiarized_6.py,2.219691340167107,21.197608883987645,0.9546947005632191,0.8675977234601273,0.9358576990111399,0.20158084649512897,1.1841515684874844,11.703873787310929,4.267390134164533,0.574709211225229,6.385623839059248,1.000929847097638,1.219710311050512,1.0651808142971515,0.664482929169978,0.6800007203000361,0.8675679113427462,0.5430521787029193,0.3444521048292847,0.17486456851444385,0.9406436061747867,0.5176040437884168,0.4809302176366572,0.611215508562198,0.33945061763980966,0.1883381521568431,0.3105734494779459,0.0,0.0,0.16774873832087592,0.0,0.0,0.0,0.0,0.7833910744059968,0.8023636422864892,25.95673096270796,0.787718431141009,0.4765991969453503,0.810337555330981,0.0,0.8149099540496999,1.0363871288276083,0.6671082990888111,0.885052553174141,0.6687395331147616,6.240918150671801,2.0033876445100844,1.4659374692169511,0.31168848529935933,1.2384761871040697,1.4036197697693442,0.0,0.5731384992442687,0.34460050688929983,0.0,0.2968510971183671,0.7965714197022236,0.7151444684252375,0.0,0.15597110353257695,0.0,0.0,0.1715303174470811,0.3263970987924393,0.3314791486147886,0.15733775612458278,1.1823880673258658,0.9889337053249396,1
original_7.py,plagiarized_7.py,2.0991785119453614,24.307115629695026,0.8480592681640953,0.9475398034125452,1.0319305003931447,0.14706926773885867,0.9990659620853363,10.017819133287304,4.016303921332305,0.7894272258746824,5.651610213750924,0.9335920149259197,1.4272665903573487,1.2746806537886257,0.7756251147336872,0.6293485807823915,0.6620991830003785,0.4864378122532434,0.2699454317724278,0.16613990989563568,1.0036746688970102,0.8168606000308054,0.548031900006652,0.5271042480446376,0.35183516763984796,0.19511160707762126,0.3561939382462125,0.0,0.0,0.18896448750059194,0.0,0.0,0.0,0.0,0.7708837697595645,0.79661122050148,27.228709828829558,0.8210360053206341,0.4648627812738464,0.6763811574381553,0.0,1.1882371745615967,1.0484861755469854,0.7028303802822014,0.9046751863661869,0.6504098135372438,5.818337838147182,1.8097250468169013,1.9098345196123445,0.30373858069866033,1.2383546407188668,1.2745303958621288,0.0,0.5262598055628857,0.34928647822894754,0.0,0.35807127558904933,0.7757083577014591,0.6406090884464699,0.0,0.17946081242140766,0.0,0.0,0.16073108363186508,0.4094089395338804,0.34201715416486533,0.16714068396757864,1.3140778813548755,0.988526942280774,1
original_8.py,plagiarized_8.py,2.0008907072265396,21.22369425459335,0.7402814438378066,0.9171719004353225,0.9569807320492809,0.15046636536737287,1.029373540987145,10.369040863867008,3.9328884012350187,0.5931438619760205,5.852461966365199,0.8240047408462922,1.4254933439831194,1.1457212336886669,0.6835044354826045,0.721665506995972,0.9665510492885265,0.539829590095408,0.33173297930884676,0.16581133808399062,0.9367698826617539,0.6721825549692284,0.44025835708626193,0.5653883232894352,0.39435669655237693,0.1489497462034905,0.33752215773345423,0.0,0.0,0.16971391923245369,0.0,0.0,0.0,0.0,0.7027226885387383,0.8629168111219816,26.867092316505964,0.8316349905183953,0.46671692271196696,0.7224084353196377,0.0,1.0303520004730498,0.9581572612141659,0.6463014521074157,0.859944465178295,0.5962770445942938,6.166371148614998,2.133122974125016,1.6579880164461915,0.30215627921352173,1.5224057619380806,1.366071886621883,0.0,0.5462953471037398,0.33217896295048016,0.0,0.3006540960717808,0.5775196621432803,0.6132736901624594,0.0,0.17374867007559108,0.0,0.0,0.13775012106364054,0.2381988758822195,0.3798965741769251,0.18385899606467782,1.3619293012516123,1.0315345842605157,1
original_9.py,plagiarized_9.py,2.194339079822178,23.140249870087345,0.7642966967121565,0.9853894401258109,0.9938664383927653,0.1619998657500988,0.9941307382553637,12.503409613818954,3.5423254462326685,0.5612585513928634,6.134967710376725,0.8406206818956348,1.4670845214718724,1.25654008233372,0.657722761963098,0.706587937485315,0.9132189191669927,0.6378007702888515,0.3748051970777781,0.17030388732687887,0.6632560921356528,0.7890550117094586,0.41641712209425624,0.4526416484255985,0.27927682920230684,0.15976381999039072,0.38662482577994645,0.0,0.0,0.1605385108125357,0.0,0.0,0.0,0.0,0.7472276786690405,0.8014980448806148,25.780055982554522,0.8179954198247232,0.43818984917460996,0.5997001434224575,0.0,0.9916204835141641,0.9788144524593708,0.7723122663751107,1.0676850265895497,0.6461994035635501,5.775230249450495,1.9023581480602403,1.6580107425943766,0.29818162141072213,1.344625080634531,1.4238087277586626,0.0,0.5387711681012088,0.3721483161629942,0.0,0.30549908645783985,0.6071993213650526,0.7491153528860243,0.0,0.18660227232744753,0.0,0.0,0.18321019343974046,0.2811296255469381,0.32516534377271517,0.18887560964500294,1.1890391412182186,0.797694341532043,1
original_10.py,plagiarized_10.py,2.484982242780985,22.863211030074254,0.7836113378353394,0.9517431043926149,0.9946109992119251,0.16607082189172184,1.0050509952443831,12.728333277053087,4.0237308817857285,0.6494967425773406,5.504585257802676,1.0025929863477931,1.2573159055491867,1.2938290239120844,0.5339374256318725,0.6971699021934501,0.8057878663368716,0.4570122504467442,0.2944646543432797,0.16077264625231724,0.6930960182298331,0.7070214572561772,0.46089463287278865,0.48801818852965373,0.30904154292490965,0.14289534883505284,0.29720373740047606,0.0,0.0,0.14469917118889616,0.0,0.0,0.0,0.0,0.7817243556648011,0.7353645417294605,28.679155429387052,0.9474167082534997,0.4304300113192676,0.8919053991772463,0.0,1.0532349219029047,0.8783389486775026,0.5828725634689353,0.82708137819295,0.6285454357102268,5.323895017634276,2.0244925141664587,1.5452485745935647,0.34016022234934884,1.2349595657665389,1.4254693722100902,0.0,0.5230929684433184,0.35183188222183426,0.0,0.3105344963906267,0.6156460008972362,0.7463183354144554,0.0,0.16084318943526182,0.0,0.0,0.18638319927205857,0.3180016857716838,0.3368143250152447,0.1897628046519238,1.1101422612988117,0.9482250796424583,1
original_11.py,plagiarized_11.py,2.0820379679257863,19.419290484971373,0.9486375780412633,0.9053772580360668,0.9229027652519948,0.18729481319368643,1.0133409968916864,11.547590685539209,3.249076338920533,0.7116284712185759,5.035924048325265,0.9118954242019464,1.6428765141997048,1.0805480207357951,0.6224727159171782,0.5531323283667033,0.9820490533321734,0.4767585256617318,0.3702405461948836,0.1561129585292167,0.7597734896973635,0.6364832896068516,0.5496630643429591,0.4608582058067703,0.2928260977563404,0.1843346202941251,0.36929249619736,0.0,0.0,0.13703055003937165,0.0,0.0,0.0,0.0,0.6629923166282788,0.7121880770989757,21.204012844438665,0.8259598994710022,0.5179615561495483,0.7110027577595187,0.0,1.0153163884355694,1.1581225520527443,0.6087109347132589,1.0759589226621098,0.656608210378039,5.717679201651627,1.9421585115779962,1.6841776283194763,0.34101994338768027,1.2229336918013034,1.4183357700576829,0.0,0.547804488321755,0.30541214843809183,0.0,0.3492373218502665,0.6975805117574824,0.558402295476498,0.0,0.16673153150623485,0.0,0.0,0.1561169333728942,0.326798768031322,0.3805518087425016,0.15017164833598223,1.2723550995178279,0.865787978165997,1
original_12.py,plagiarized_12.py,1.9563988328643591,23.768743154293325,0.822627212571456,1.082770443679342,0.9269715649866744,0.15541482860071834,0.9117223010167682,9.774216524950518,3.099221088106052,0.6162250695136056,4.877367497299302,0.9279057598270575,1.324977397430234,1.1420981733023978,0.6983974992252171,0.6320313781056491,0.9522611893216527,0.48891076728484373,0.3581432418765436,0.1808611911030229,0.8412576517815413,0.6741829447547013,0.4921637116843801,0.4858246293016945,0.3715388600018942,0.13825780908494986,0.34232296116128674,0.0,0.0,0.19987245719722216,0.0,0.0,0.0,0.0,0.6644595281832066,0.7754926507955852,20.400124415089188,0.7879811418892344,0.5630419799351514,0.6687691537123039,0.0,0.9354431876316128,0.9944746522429478,0.6777053183799658,0.8382300810560713,0.626397263322774,5.483061794580466,1.9839438961748908,2.0377293274842767,0.3183595464605063,1.1822957208822378,1.3291902737671293,0.0,0.4074444225259569,0.3207103287298588,0.0,0.2950252588409453,0.743075551664706,0.624337196296356,0.0,0.14948127085153143,0.0,0.0,0.1328824886383941,0.30460531830409365,0.35773873112509336,0.1526617489513228,1.3976491946983858,0.7844170056219482,1
original_13.py,plagiarized_13.py,2.0645890718147797,23.73886308870138,0.8048166999141303,0.8644403244009082,1.0273186239704306,0.1694529338043901,0.8991901627045857,10.462854012300284,3.4836027316792335,0.597820433035451,5.360475065198567,1.020860561343973,1.3567663905182388,0.9623685225218972,0.6990282507913003,0.626437977643684,0.8674416721040132,0.5081546772284663,0.30680263105853645,0.1803827901750993,0.7454539666709487,0.7193268711610189,0.4545847266175626,0.4186422209460054,0.33216757767583205,0.16265802635071014,0.3403197482364491,0.0,0.0,0.15689140911907828,0.0,0.0,0.0,0.0,0.5876071229860778,0.7864702703898292,20.440008408836444,0.8798272772398738,0.44264529135128444,0.7840807875360216,0.0,0.9991004088324464,1.0460433078077007,0.6965890505038568,1.0136587820820326,0.5495555401255485,5.082782795553115,2.175123366718433,1.1976250458944144,0.320744376896152,1.2140825505203234,1.5048110532771573,0.0,0.4854704305599555,0.3366665232619827,0.0,0.3227601398604054,0.6461274548212974,0.5550627072092079,0.0,0.14661624520720606,0.0,0.0,0.14158524732220829,0.345524419410756,0.3418071345218445,0.14687484513034488,1.6964178834382861,0.92360533132304,1
original_14.py,plagiarized_14.py,2.2320452405981683,20.353507317402244,0.9004927475618647,1.0051905345671137,0.9317901938145073,0.15079299624608,1.1696107594264182,12.08469862715601,3.490573150669251,0.7313841132580694,5.004070333901477,0.9702399126330761,1.413780608873747,1.141565116885449,0.644142326250318,0.5813637880510392,0.8525421723885848,0.445819283734975,0.3756474802903793,0.18390677697127525,0.8941628905261844,0.620468058745997,0.5359978575492195,0.5509685871592004,0.23250702940759513,0.20789719253259864,0.37959103872273103,0.0,0.0,0.18029564067433826,0.0,0.0,0.0,0.0,0.6244786550082227,0.8045219504123743,25.026821550991404,0.8422793905503172,0.4920349186110683,0.7259003342305821,0.0,1.0536602352179363,0.9916708503963347,0.7461455489256162,0.8280612970144237,0.7395005945471502,6.771307061851801,2.1464764341990903,1.4898289022317812,0.3129224586600169,1.3703210032473967,1.2129894991207748,0.0,0.565098671726679,0.34911917954596994,0.0,0.39751459520123167,0.7159575208259595,0.6680315737913215,0.0,0.1545924968459147,0.0,0.0,0.19079783174960763,0.3142474204315725,0.30839315999547867,0.17597502718989783,1.4185296266032332,0.8578092855130037,1
original_15.py,plagiarized_15.py,2.128054701766841,23.35749082713464,0.9595743053291408,1.0240014075976345,0.9122133340516922,0.17129551830337406,1.129005799868695,10.825981689619754,4.088973509580036,0.5835698656729409,5.240886095531551,0.7899332779702339,1.3507455339274719,1.1481749440859064,0.6755352763511664,0.6686966243594703,0.9342488825879607,0.471918347032445,0.38160298367087925,0.17822036940769037,0.7280024339065032,0.58934868012712,0.4463119449100822,0.4753433934069964,0.2730303878628513,0.17579179150241536,0.29493412587925794,0.0,0.0,0.17190339888764267,0.0,0.0,0.0,0.0,0.6730207539075704,0.7858699644229892,29.286281177986297,0.9202536613420103,0.5291961332676302,0.6925329920638389,0.0,0.9184333351843812,0.9375600814474095,0.6429151083873474,1.1016235029999017,0.5247322506624215,6.618604306462609,2.153482335903179,1.6211863220133593,0.28985182170899915,1.430518381664336,1.321268689411128,0.0,0.43963478877365764,0.3507110584913496,0.0,0.35582621200279385,0.6877061532188559,0.7082555281989601,0.0,0.155374012142137,0.0,0.0,0.15004742784780634,0.38894744999166764,0.3596759451049859,0.18451017214692028,1.3513547258634206,1.0432086271762768,1
original_16.py,plagiarized_16.py,1.776438420693873,20.174235663008417,0.8771203006026764,0.7300297534717293,1.2429770432745482,0.13697340048478165,0.9625645569553956,14.159143866002648,3.4825968156812834,0.6604859362016116,6.292140725973619,1.0165869107132592,1.1895253811116382,1.1097743822725312,0.5435925164151907,0.6698969873105076,0.9386595219219477,0.4364538250037731,0.2766127222623728,0.17567903589118736,0.8683410182974451,0.6632433253597377,0.4907617469165573,0.5619132446527453,0.394974472065087,0.173892798024639,0.31847493795305787,0.0,0.0,0.15896333848894767,0.0,0.0,0.0,0.0,0.6146120538259435,0.8590380208556602,24.835622951711155,0.8050778506660061,0.4935010210641999,0.6659777178966395,0.0,0.9732234578599422,0.9355521196525304,0.6151116249774052,0.9104286866588093,0.580495977043367,6.576412776657493,2.1066588310643017,1.4325569506431064,0.29525038231633616,1.316334420014611,1.202017763050636,0.0,0.4536416280374854,0.4072293046397721,0.0,0.32639114364955873,0.5962575032444359,0.5615521111015567,0.0,0.16854286205448218,0.0,0.0,0.17428240197434655,0.34165838309730073,0.3272793360235576,0.1561395725277883,1.2398139583306296,0.9054524435718405,1
original_17.py,plagiarized_17.py,2.006130628287278,19.943526012597772,0.8494266780256085,0.89184527977263,1.03274242824945,0.15594341347890672,0.9727617877183532,10.55692873548833,3.6173566119679355,0.6864840579778002,6.284243481747125,0.9028661269735949,1.5201034022396946,1.19932683934436,0.7209364293425871,0.6258687693452809,0.7572112492592808,0.5213967597144372,0.30051822442733417,0.16835350724605677,0.8316189277890557,0.7199075371991209,0.42203029741072723,0.4264826242940293,0.28048077742144517,0.178826482969816,0.33426673720653177,0.0,0.0,0.18854854650304492,0.0,0.0,0.0,0.0,0.6874443517758075,0.7778361608239673,27.583777617625774,0.9173659958413705,0.4542977033839056,0.8880309930370442,0.0,1.091351807613378,0.9369089916011866,0.6769594678896804,0.9044933196130346,0.41353654787405647,6.227019218833079,1.7791224180426441,1.5094966853767349,0.3542770978392365,1.2002372197911475,1.5775943082535857,0.0,0.4416669496404401,0.28348833238467636,0.0,0.29041906603080164,0.6129736174983692,0.6572658980994873,0.0,0.18576870238711796,0.0,0.0,0.1671665877968595,0.3308847583648557,0.3715729920295573,0.17749943252450506,1.5145295407251445,0.9626517927687874,1
original_18.py,plagiarized_18.py,2.1801472855613784,20.17656187471648,0.6974168239726753,1.0915583153372461,1.2640228319830464,0.16408972970611319,1.1607630442893422,12.030920471367402,3.534236826698901,0.5906221285936759,4.634365488605397,0.8059585886618359,1.243648771710015,1.0030548159162067,0.7048966161364014,0.6695106333432962,0.8831071912970099,0.49325172078425505,0.31440572769270814,0.1830528084568732,0.7772051413551149,0.7029308873824993,0.46793185713685786,0.44648663530211474,0.32896568436894746,0.13364215881588518,0.37710957110885934,0.0,0.0,0.17664649604263716,0.0,0.0,0.0,0.0,0.7078589166057079,0.8764350690269493,21.06541497514374,0.8956608312316502,0.42737478236989734,0.8301050990242278,0.0,0.8829576417591785,0.8945489695366352,0.6597041632291024,1.030232077253803,0.7416518787013262,6.436359183534901,2.333929090273675,1.6279111926228746,0.29496727332514555,1.301075785476443,1.3526368423317625,0.0,0.6102086756419633,0.3299368098807976,0.0,0.34417360587487106,0.6618682250467725,0.7141936471670699,0.0,0.19063677761247672,0.0,0.0,0.17069349416937077,0.27955123473067783,0.4149603634188718,0.16370556821271331,1.2740942258099515,1.089878015723591,1
original_19.py,plagiarized_19.py,2.4327810122070392,20.880813034543188,0.7077482790891345,0.9079221060712938,0.9993516838314238,0.17300115691031212,1.2319025314937075,12.66448735978953,3.3313451047827973,0.6254452375375257,5.745260775104538,0.880844187515232,1.4161471591883779,1.2793629441486882,0.6405032398641326,0.6524065429955471,0.833157463858833,0.5075452314137566,0.3892607528402636,0.16674344096807903,0.6556072092470582,0.7634840585884913,0.5532251193811875,0.5035187770101537,0.33314886333640015,0.17574960629100356,0.35424343676821146,0.0,0.0,0.15026928870840822,0.0,0.0,0.0,0.0,0.7175456380584952,0.7589335374521825,25.64304341641858,0.8918501193087468,0.5168234020156017,0.8921698197675969,0.0,0.9245592717883995,0.9396407327324444,0.7230819939482712,0.9790788671602451,0.5281293974281482,5.786266790333475,2.130048927678983,1.3654217469713563,0.3522554690573007,1.4438065088382395,1.4333202606770086,0.0,0.43782692591016176,0.3728676571031203,0.0,0.2958509803184111,0.642725577876248,0.634647237618536,0.0,0.16103451284109227,0.0,0.0,0.17922579490082438,0.30672564906482913,0.3380374205902072,0.18479653852622652,1.349288839964239,0.8743941473722754,1
original_20.py,plagiarized_20.py,2.0962399319878564,19.77890405236991,0.6550203365264672,0.983844537295351,0.918676971810462,0.1675311450756114,0.9889892062854179,12.520955816351792,3.775726839736728,0.7406490269849126,4.75822723341585,0.8474147621592685,1.5316579232252119,1.1569900834482993,0.6781289904076824,0.7521236235193693,0.8407808387941936,0.48318012380297043,0.3044642870985483,0.14306348052707712,0.7412554402835295,0.6536774101198203,0.5520791154476423,0.48389159398015763,0.265788549137114,0.14752063135399743,0.3161122602485722,0.0,0.0,0.13793653759042618,0.0,0.0,0.0,0.0,0.6744243288490424,0.8207997553981644,29.49262746003888,0.811733198654445,0.4908908065279617,0.7113945226817641,0.0,1.0298961615395594,1.0137446920566795,0.6427639649378527,0.9980878621826974,0.59004132052503,6.383229241498295,2.0025181943692005,1.3850160415300539,0.3365534947693527,1.2888610640739182,1.2730169602699042,0.0,0.4233807100288147,0.303600505284678,0.0,0.3058215138054031,0.6751677388779671,0.790455338408602,0.0,0.158252843441328,0.0,0.0,0.16089000773059522,0.31083653565618347,0.3517722589873186,0.1858606133430435,1.1993128820101586,0.9598315915855854,1
original_21.py,plagiarized_21.py,2.176382671534848,22.14383236223211,0.8393763582219166,0.8847323469506116,1.0172811113110047,0.1923683091738672,1.0199131231011491,12.012644365596051,3.3301900749219997,0.690944839298932,4.631308937138263,0.7684492007406674,1.2716162546914243,1.128689449009625,0.7487861900579972,0.6131589521865212,0.7835916469030316,0.5638025958517496,0.2794178771243601,0.14903986750064552,0.8831876861883812,0.5557979086372219,0.43466620730685707,0.4586220603378692,0.3523440966447856,0.1603001548919793,0.336091392299311,0.0,0.0,0.1750298265268925,0.0,0.0,0.0,0.0,0.6974558479160812,0.8773889596108074,25.14983999591626,0.927949809359305,0.5247672496022219,0.7363874254761066,0.0,1.0223296459337265,0.8483761497041472,0.7110899519719097,1.0280410820574453,0.5722886642447514,5.954540857842098,1.8655408935424158,1.7440182915924902,0.3467863926063799,1.4391020068444196,1.5394560392800594,0.0,0.4748763720246366,0.34289734663480664,0.0,0.3960679561860593,0.7464281195429412,0.7606403998722594,0.0,0.16093946347832105,0.0,0.0,0.19641011156834456,0.3171474142353667,0.332627667311394,0.19994306972895776,1.2903734082777096,0.902153639261665,1
original_22.py,plagiarized_22.py,1.7535146229320513,22.89589717867444,0.9569475231085799,0.7970385104010762,1.0050472921276108,0.15872348875561193,0.9976122143766566,11.997540922125939,3.5171129182176246,0.7270117891433554,5.63545969277309,0.842974757848818,1.4622540395987087,1.3111519706981154,0.7535702474540878,0.6594112258876179,0.6802009087356737,0.5871340212915509,0.35995478516012896,0.16186369081001206,0.8361484358931488,0.7008091791112617,0.4613080414176604,0.47632675291862137,0.32125819753437895,0.15790618403281106,0.3257594985324923,0.0,0.0,0.1487985504455372,0.0,0.0,0.0,0.0,0.6439109873398811,0.8461071333431665,25.995561430617105,0.8791944667700581,0.42335306349207547,0.6016623195845207,0.0,0.9593955415566416,0.9467621357427554,0.4777756349674741,1.0711432075356542,0.5521384754573082,5.618816876177226,1.989001180240186,1.567480461701316,0.34585956951164887,1.2325340954409263,1.2663287885776975,0.0,0.5568623722886493,0.3231490715867023,0.0,0.3478904792452564,0.6499135145476939,0.6884536417620688,0.0,0.16616492458473683,0.0,0.0,0.16580698127898513,0.38184609638974204,0.3141115787577925,0.1818150638670471,1.213492555088447,0.898947172536189,1
original_23.py,plagiarized_23.py,1.7353112434517162,20.406706906117236,0.7438257247724392,0.7746926139385876,1.2038181732993292,0.18393535048421872,1.063535950011914,11.113588729999144,3.763209952521392,0.638719113418899,5.111713332231694,0.7806565274077869,1.28455523032089,1.1778283061169263,0.7145489158554084,0.619567478800628,0.8582628651423118,0.49260965966868675,0.3009003776401328,0.13785483504093576,0.8345867378559687,0.6804026744016238,0.5645363165954796,0.4836654628686354,0.328254299691092,0.18649680418489253,0.31368931761101415,0.0,0.0,0.1614449149531984,0.0,0.0,0.0,0.0,0.6426271009631405,0.8641869847862488,26.743819008735777,0.8942770178703672,0.5829830701254193,0.7537671271693083,0.0,0.8384534576796137,1.0828545470331186,0.6633793673611319,1.11862161279645,0.7052667514729078,6.245637567603503,1.6440100009943508,1.629507005991154,0.32961549884630387,1.2266122113717157,1.4275626758993056,0.0,0.4000278597761585,0.318059844358176,0.0,0.29780105247233296,0.6558848923855717,0.5173627361055562,0.0,0.16874567196894585,0.0,0.0,0.15443770184816016,0.3143752033805961,0.3703676313649011,0.1387077947722204,1.2348514917259812,0.8788388630954423,1
original_24.py,plagiarized_24.py,2.0220473663207663,19.700724829056306,0.7644711124283232,0.7074784974205113,0.9799883207508411,0.17699493797704824,1.0811231346092272,11.546443130500476,3.314930489381215,0.5962516088436604,5.234566919763565,0.838368075114588,1.420218858090013,1.3237586797522316,0.6649872414997969,0.6245997996025037,0.7978783659099545,0.5150177318582243,0.3529139995734994,0.1901612503982087,0.8001605484015328,0.7087306032097214,0.4708536547885742,0.540423564861607,0.3482460646193185,0.15816899166468024,0.3484954235596716,0.0,0.0,0.15283005336785313,0.0,0.0,0.0,0.0,0.7282835111289987,0.8978801380518256,31.047607537039212,1.051088984931948,0.4796771476100792,0.6981941520333503,0.0,0.8518885400529531,1.1004290500935605,0.6143819025164547,0.9927064465150366,0.6415461802519898,5.760533472271769,2.0011638021427234,1.9493630288030213,0.3687415896610354,1.249014720851287,1.3203870057383524,0.0,0.42645268913768053,0.30031084136782005,0.0,0.38648724434766046,0.562351428105808,0.5470437269626155,0.0,0.1788987198996632,0.0,0.0,0.16300226853223138,0.3219204924966909,0.31853188684987394,0.17724686407954526,1.2274907639114452,0.9900383430692141,1
original_25.py,plagiarized_25.py,1.9667688981243594,22.15011785865064,0.8799586557240013,1.0032010268957818,0.983093707528011,0.14928864606543313,0.919314271529347,12.918770953925797,3.6489563509152423,0.6552472126597971,5.099532918337886,0.9116322783906057,1.3703269099059332,0.9117664337111744,0.5883387689152956,0.6774209918829256,0.8269170543863837,0.47738986207139233,0.303027935068099,0.1599062686401266,0.7551534214499618,0.5871716214508638,0.49820001971806227,0.4752160937989562,0.3871540507329138,0.14616947985328332,0.3344996640861251,0.0,0.0,0.14813488305951922,0.0,0.0,0.0,0.0,0.6430599077705741,0.6338054790188673,25.077784137242485,0.9409564382801253,0.5290077188755369,0.75862136988408,0.0,0.9891974197763618,1.0333957186253688,0.6895445627599669,1.0411783834541213,0.6331669532201869,5.91148367491048,1.847569867590217,1.629727461855948,0.32320565543059043,1.236835810012578,1.1633387990674777,0.0,0.47010830888036725,0.3431115709443615,0.0,0.30009755926376575,0.6597742952289061,0.6590423956629182,0.0,0.16665018485488528,0.0,0.0,0.19517033032939674,0.31915782643987356,0.3622198730584344,0.1699838975355539,1.2395489222126348,0.9260085367026685,1
original_26.py,plagiarized_26.py,1.959680591112849,20.23927663879472,0.9083625818297333,0.9767061705084857,0.7722577460546781,0.16417625361635715,1.1504533551169127,12.798762768848764,3.747584995774616,0.7034766777541421,4.842973013379964,0.9413272761906054,1.443608440687882,1.0476962336368356,0.6738768699934301,0.6726326395722031,0.7682215768161286,0.4780298233887801,0.3292449182831538,0.17007515100769904,0.9785250330837011,0.7271950603985954,0.5155197390431848,0.5533263183668995,0.3330275941602979,0.1661080665197895,0.34192092190605883,0.0,0.0,0.1705732278043811,0.0,0.0,0.0,0.0,0.6990489228820274,0.6514471218696332,24.328019188629323,0.887332915804826,0.44803869229933374,0.7302054966561955,0.0,0.8957818413204421,0.8439452683510114,0.6771705110252996,0.9972149336469311,0.6047545572677491,6.357327810035385,1.8627575117544461,1.7146718522390174,0.26245241228938987,1.2916436662582416,1.360786732969416,0.0,0.4999910419355329,0.3301213792694612,0.0,0.31508768254496705,0.5343457151577891,0.810487695661658,0.0,0.13346726577887635,0.0,0.0,0.17240889073796287,0.30767027071595704,0.34066772330723055,0.15592839106822814,1.44723575928915,0.9244175422329542,1
original_27.py,plagiarized_27.py,2.151372832645926,23.498089831705073,0.8450949884320964,0.8890170479155548,0.9854991202902131,0.15790480517158834,0.924398918617395,12.295935000444128,3.6477006687136906,0.5936569994949905,6.134523671726006,0.9536602358387293,1.4120366563957547,1.0555062190664428,0.803837538184475,0.701192596972324,0.9463144351449193,0.49669415978852033,0.3448607182664699,0.17473540161093692,0.712386371647847,0.6173426001616873,0.5850597992298742,0.5084960726651474,0.3087393496045528,0.16792558718290748,0.32096874639952794,0.0,0.0,0.15951491887620928,0.0,0.0,0.0,0.0,0.6036541842049433,0.8182120439965246,25.227571965307607,0.8308210240358933,0.49084247431717326,0.7337577480442974,0.0,0.9542329436295516,1.0575932463743236,0.6484931075661464,0.9614398335373663,0.6349582122269751,6.82292672261273,2.2507581455692653,1.447508244524094,0.3902962176036822,1.2900011071858635,1.0462444997437421,0.0,0.49163500551712264,0.32807490395255173,0.0,0.2910463806534173,0.7736754503519263,0.708746525206796,0.0,0.1794976833611825,0.0,0.0,0.16032000572271105,0.3161490759926552,0.2748069322251436,0.16223515769215938,1.376638608939229,0.9236469053135035,1
original_28.py,plagiarized_28.py,2.2036504297886417,23.074691216972234,0.8976311119587954,0.8599532999861702,0.9342844032517025,0.1609326633373525,0.9089775666446306,9.989593434746848,3.5091642592616243,0.6074504412981939,5.2991224534743315,1.0399220413393482,1.2320438706605006,1.3212925365526824,0.6786059326298025,0.76265798748674,0.9304261354150706,0.6167519782587616,0.3399784125543531,0.1839252206789093,0.726779781096895,0.6390773273749636,0.40738304282422083,0.42682449146864593,0.35967892135702734,0.16946271705840507,0.32352982536856717,0.0,0.0,0.17499110135025953,0.0,0.0,0.0,0.0,0.7731790979332578,0.88250307788357,24.64253598381282,0.7339071319010327,0.5294978033044941,0.6866871347418602,0.0,1.0028428301625085,1.0485031111027543,0.6763481356793732,0.9661605011046056,0.6895539741424447,5.815277645077579,1.7106373733872127,1.693202110017019,0.33091772717911094,1.3554857873776054,1.305228001302919,0.0,0.47830447843497104,0.32578042204743496,0.0,0.27508271918085897,0.5541132714239052,0.6929837271037829,0.0,0.18677004831804372,0.0,0.0,0.14505151553952778,0.32280853632606354,0.3332761716991657,0.18541125025187932,1.0847839702193784,0.8700485482812838,1
original_29.py,plagiarized_29.py,1.8245490710469272,24.460389114371743,0.8650524766234289,0.9505298902373517,1.1522541131729471,0.15952270822728337,0.9522333426343399,9.742866837115365,3.378673068458133,0.6015688587220575,6.479909296691839,0.9938576852841426,1.5813318013401487,1.1497714269401187,0.5914320098996889,0.801146112842601,0.8310760861047733,0.41003504943981733,0.3452695947680563,0.17080575813486243,0.7074314865681008,0.7369543195102237,0.4862749086366147,0.4958542629349073,0.32318565764380747,0.16442230753271375,0.2983023067509932,0.0,0.0,0.14604826894813203,0.0,0.0,0.0,0.0,0.5871099808256071,0.7392678882213395,29.832760603159453,0.9894206658820965,0.4624278866590589,0.6520365444849727,0.0,1.0974799152290828,1.0343829154863455,0.6429332537118616,1.0380684092251593,0.5428146453253223,5.664767013542119,2.6783273536892347,1.6617854444940876,0.3265536919420632,1.2174072182536444,1.3934315535123236,0.0,0.45948137747247103,0.37867405890200034,0.0,0.36944352908942824,0.6596422779981866,0.7463928823721181,0.0,0.1623194059078827,0.0,0.0,0.16794408698299776,0.33401766040917386,0.3531313974503236,0.14768015628163164,1.19614570606971,0.9830489003340606,1
original_30.py,plagiarized_30.py,1.9210919748361512,22.752301558109753,0.8388047501262299,0.8337188536917559,0.8743701179683614,0.16545890814172223,1.0747348067197047,11.319444507259922,3.9037854517445414,0.7152229786126064,5.026937881603583,0.8998866872176843,1.2411845098658827,1.153785035874303,0.7827627670301662,0.6623330048307924,1.0094757342579928,0.4792179534040222,0.33860895112942396,0.14506606341276668,0.8198225452843476,0.7616119492957742,0.5442018086279955,0.47968027144027975,0.40997784670800336,0.17363207245963205,0.3345455365148338,0.0,0.0,0.17913507751588703,0.0,0.0,0.0,0.0,0.7086061358229998,0.7550363900990283,26.777450371408946,0.8382068240698245,0.5486933810178313,0.7654372077996834,0.0,1.098433873535301,1.155366561962866,0.5775409084853297,0.9476854605559181,0.7425240592232724,6.838979295260411,2.1031000260312824,1.906066806831309,0.3071857500623992,1.2442358096990225,1.4270317948787719,0.0,0.5516302519729547,0.35941889137062766,0.0,0.31075664007015935,0.7106949365185488,0.7114055841825161,0.0,0.1447265573909052,0.0,0.0,0.2053129476037109,0.2937427008477817,0.32069553067753226,0.17206666001171594,1.3377792095598775,0.8030504250000428,1
original_31.py,plagiarized_31.py,1.7462149239710387,21.386106989518478,0.7486556398634452,0.8473941292646793,1.1000381900779805,0.15602766040104915,0.9390278406774165,12.286834088805604,3.8695980381725987,0.7584594353875024,5.304470052602402,0.9863340525288862,1.5414286539454047,1.0479092612892906,0.7264311996399189,0.6143214297327156,0.8189326439578236,0.5530108470495009,0.37285598186980423,0.16872013091778879,0.8137684234019708,0.72145284066321,0.4536096370810294,0.5256051574150907,0.33439363260583255,0.17986673654282398,0.3288044972124643,0.0,0.0,0.1757441408801309,0.0,0.0,0.0,0.0,0.6748964332547938,0.7337630087609374,24.0511033289593,0.8788103871729314,0.43886174790363564,0.7641298252484954,0.0,1.060943742697817,0.9018280695776862,0.5555767169592335,1.0139786584200925,0.6674610281363733,6.512448087403431,2.328010249560372,1.9150175187443719,0.3431411720018875,1.4410083816466823,1.5553729771482268,0.0,0.4331624539113713,0.31294843557136504,0.0,0.3740762572892142,0.669511237102892,0.609747642728929,0.0,0.16271770042252523,0.0,0.0,0.17782740951403378,0.2999696243184434,0.3064188760544531,0.14278622746330083,1.4297603493507303,0.8527339486987651,1
unrelated_a_0.py,unrelated_b_0.py,3.9916117794179486,23.113877035029873,0.7343405431653484,0.6474022403945339,0.6638208356865176,0.5928564913739895,0.8546799739266452,20.94945348776927,7.002818596758233,1.1621238641885774,12.356101467174858,0.9400997514355504,4.617188342309572,1.3362236222376978,1.1101836845930493,0.9361171896412683,3.1737704229841928,0.8674256423946791,1.4267188805585964,1.2240133681312506,0.7125631107839305,0.4994867237698552,0.6849188576068597,0.5518694889228598,0.42919440403794196,1.5025660956191398,0.17574062762470358,0.0,0.0,0.4499327960879544,0.0,0.25381567593639087,0.0,0.0,1.660298377180915,0.5736870284701445,50.00416108431772,0.7745831120458228,0.4523079296266353,0.6908758123161454,0.0,1.1410741964608773,0.7275223590742541,0.7520236594785189,0.7137643423799583,0.5929957979890617,7.4301712444216665,2.058326043821062,1.970880132868871,0.4427192591448047,2.3932308142969627,0.98728756017827,0.0,0.4199135627268645,0.7192967892600536,0.2492643171567972,1.1949656516321778,0.884121045654379,0.30502649179869906,0.5853932869324026,0.22813902193430532,0.24465111866313238,0.2536123528363317,0.27850960952477477,0.19041142649394963,0.19797846514717818,0.2513182367737175,4.319680823928884,0.8679087704700985,0
unrelated_a_1.py,unrelated_b_1.py,4.592969742415431,30.01468013474274,0.6978513212529804,0.5840849703164191,0.7860253634023979,0.4764079649494472,0.9730814332928291,25.492316461835156,6.450003342747974,1.093065545393495,11.346794425970877,0.798396755648038,3.8597408262441038,1.2633354227998204,1.252623226599654,0.9913864417199115,3.1788884488362186,0.7812098074774874,1.4687746736847263,1.2512480956444432,0.7690923819461429,0.5536348872166006,0.5694192404047992,0.5684884555411753,0.45635593349786074,1.2367761969437887,0.21027818754255234,0.0,0.0,0.4563211683929795,0.0,0.27292323409666525,0.0,0.0,1.4400702481590277,0.531552261950137,49.3555452355822,0.7950577117778526,0.5593350488410974,0.7276322219068573,0.0,0.8047085382806799,0.5417074265411972,0.7191203882808418,0.7438684045651666,0.48610263493889727,5.549428236694373,2.151325011878047,1.6983520635197973,0.48365477244248317,2.0774772610447925,0.7940613945404369,0.0,0.46434472997656695,0.6494889328084725,0.278166052934907,1.0979999545452286,0.9392856427448434,0.36991619071765197,0.5786273443964787,0.26938279442993496,0.2669674018002076,0.2565399955463045,0.244326206893602,0.16731932965388424,0.17448601037358752,0.26383067577558894,4.119585591561266,0.9438376478238869,0
unrelated_a_2.py,unrelated_b_2.py,3.7058393677475348,31.73300831571698,0.7513196229315723,0.7250823919317468,0.8132397052881967,0.47487344135838105,0.9868261812807944,22.616484885561867,7.51615625168199,1.0703372724177649,12.691395593292814,0.8716244482503054,3.6747436676995067,1.1492593995890779,1.0965971571424313,1.0984253895979952,3.8243712154137826,0.7853333157658801,1.4601281365751166,1.0937251460018547,0.881872106900378,0.4824866271199495,0.5564019521186022,0.5733571485279874,0.4423175942680704,1.5512935855243366,0.1922061449608774,0.0,0.0,0.5397494732446004,0.0,0.23846839534110087,0.0,0.0,1.4497055407461403,0.46508273757218116,40.41676774275806,0.8595124926832144,0.5587264560523085,0.7096598579368879,0.0,0.9905374430460882,0.7714547080458233,0.702418170310877,0.6420137375746326,0.4822923509473886,6.912165083015056,1.8876663145457113,1.5168129953645397,0.5599922586526836,2.0558027706910993,0.7251048579966327,0.0,0.47726494949144066,0.7762017754451405,0.2603672150744506,1.2138442653776822,1.0189171443187952,0.3339757020903004,0.5954496109115964,0.26926858605380416,0.27817359230109495,0.28499241042769397,0.24625441046432908,0.21062722774848872,0.22705634474519013,0.25373194026935825,4.010906830621621,0.6954854745238901,0
unrelated_a_3.py,unrelated_b_3.py,3.6041511072199333,26.087507078342213,0.795930539237061,0.6361154130580552,0.835222560846539,0.5110003400895581,0.9151409910579131,23.534103172452095,7.042695740834863,1.0654393968952045,10.958345830395109,0.8441345619333194,4.536967962003685,1.3137212322563205,1.0421632793176185,1.1925414245618413,3.2458801736028295,0.7078071164460199,1.4398715591633688,1.2304872740726012,0.8159464866902295,0.5078524467911573,0.6374419528215629,0.4845328435684973,0.43628203831318196,1.7152787749331981,0.18987354954760538,0.0,0.0,0.5076741483035907,0.0,0.30352911693198015,0.0,0.0,1.8027311243687798,0.6028027407482804,41.50204913551472,0.7349477237173685,0.4907535397442276,0.6731729988149624,0.0,1.042455655222105,0.6175862504471696,0.6187595260785296,0.6906546984846011,0.5393931896769216,5.7551050266491535,2.049567205172898,1.6432560509585294,0.4912753675031461,2.26123396676409,0.765825390392172,0.0,0.42398493382483965,0.7898833440063526,0.25504977776444476,1.156666060152825,0.9451952074023002,0.32353157552585765,0.5511625696093958,0.2653168204836778,0.26419604609544617,0.2762776782509567,0.1995898017809796,0.21046237074764773,0.22252273464776684,0.2590838025121144,3.5680371632355974,0.7759416088029971,0
unrelated_a_4.py,unrelated_b_4.py,3.7656903402490967,26.0065262658968,0.6450327246246799,0.5746901478529484,0.6728292494556032,0.49876860045892335,0.9445979222961177,22.767351755693582,7.341496232997797,1.1017193097956688,9.884446681031958,0.7299996531992244,4.86142085024236,1.4929780253569527,1.1857753336894867,1.0373294989536508,4.001182955400861,0.7875929120055492,1.428023064856366,0.8889212849861514,0.8316424825032043,0.5130280733629952,0.5996584252183591,0.5234441493767641,0.39226479732264863,1.3869686112947979,0.23088198988418548,0.0,0.0,0.45375151647307027,0.0,0.2529637931480938,0.0,0.0,1.629843484967268,0.485635751580186,40.9873067799411,0.9521851260859182,0.5225496174224369,0.6518459014472432,0.0,0.8698862577185862,0.5728764328301874,0.8173675401435966,0.6366942269977935,0.5586246818455203,6.466434145843826,2.122735408609943,2.070484365653222,0.47106705851235947,1.884366108352956,0.7784691181754887,0.0,0.4375031155521103,0.6432046793181003,0.25638779586097143,1.1731598220870862,0.870812375984414,0.36235228886256754,0.5950492790499905,0.23746853563136455,0.2534585028820036,0.25523951172956144,0.1923765637073334,0.23668781133751954,0.19970080205313867,0.19608197645268152,4.624638514296233,0.8762509325145306,0
unrelated_a_5.py,unrelated_b_5.py,3.8364328733238944,29.430964239982632,0.7559298812980667,0.6718255345635763,0.7278617432962409,0.5331310410253175,1.068801905465705,22.97455391949135,7.740418210618767,1.057032405832065,11.60596850917536,0.8684383547805289,3.693133058812868,1.5201945539705823,1.1862392367361159,1.2555165266601311,3.1829803026019072,0.8372379530505535,1.5464504292120869,0.978292346762022,0.8693681533969775,0.5339395243746369,0.5490223121785599,0.5328850295031105,0.33965039788923723,1.433247473833682,0.18529556443319936,0.0,0.0,0.42711220847403547,0.0,0.22070604535387403,0.0,0.0,1.7973010943817624,0.48816387755020535,40.22621982040219,0.7481814826275736,0.593590778684497,0.8044125327441389,0.0,1.0191964291829958,0.5740468109001332,0.7916045760828431,0.6907663752074447,0.5712509137065246,6.162184962457365,1.5797908684314947,1.8706282645487788,0.5148370877078157,2.022318244451414,0.7861231088638491,0.0,0.42193346884020927,0.6017185374921448,0.26174531008352675,1.0489820649380384,1.03167846098975,0.3981751028628668,0.5769437415199552,0.20666919590992047,0.29861870976260946,0.2579689045373862,0.22414776714303145,0.19737203010893475,0.18695758414332067,0.2358060237690246,4.50657766573558,0.9084280719078471,0
unrelated_a_6.py,unrelated_b_6.py,4.01960597479683,19.456476681114808,0.7654326713074353,0.6839161782376759,0.6936906778735596,0.4868839833070363,0.9420953697536181,25.29929806700005,7.053903081640233,1.0679118296620183,11.210475217070499,0.9212690285094167,3.502428944537898,1.1839817696540869,0.990115404639571,1.0903470821563306,2.7989901782404956,0.5758756996741479,1.393166654564429,1.1914486764227588,0.882060580478546,0.6003675206604088,0.5698939531250088,0.538350701346004,0.46790502808145545,1.3975982581281432,0.18958042643656686,0.0,0.0,0.45017893721165303,0.0,0.2765933090807974,0.0,0.0,1.2676482644625091,0.5691223974074721,49.90666901119771,0.802841704737268,0.5350457233292876,0.7052917895984505,0.0,1.0161115270103767,0.8059236602103581,0.639363421381928,0.6756975482451236,0.5950764359849746,6.478417735017971,1.7575517697992296,2.066019288248612,0.5926863393808594,2.0647171360030843,0.770450897852859,0.0,0.43216597365359594,0.6635098444503947,0.26019720218823145,1.1781315753694448,0.9878213834118936,0.37167055584221204,0.46957677080183113,0.2451458118678692,0.254783660217633,0.27320099309240603,0.24868282906573058,0.22158303464402024,0.20571671215637158,0.22111937618457625,4.072751237260465,0.7966509527863312,0
unrelated_a_7.py,unrelated_b_7.py,4.332508043058566,22.946045368869125,0.7548236266888945,0.655482695074473,0.7066725367209318,0.5325540447916719,0.9761815435296117,23.02084110225423,6.3778203998948975,1.1024481827290347,11.139448881161927,0.8410946781599107,4.411864205353618,1.29103722448576,1.106328040040644,0.9753726403173287,3.528692716970736,0.8198375321760144,1.342592490608434,0.9356390066623282,0.7332386399837441,0.5383338076436094,0.4633329557028463,0.4930605307676485,0.3600346966382017,1.6385559230750708,0.1650501689387204,0.0,0.0,0.47544197438386626,0.0,0.26957858353743736,0.0,0.0,1.599852527783539,0.47337988400209974,43.21261047674309,0.8198286057271954,0.5013416638695863,0.9469538041995791,0.0,1.0364788799771065,0.6872095345535879,0.7537486173328404,0.6821706851665634,0.5459501413837016,5.516759934345499,1.7187948310772418,2.0085053075728743,0.5353967280898645,2.4940144900330434,0.7239446274883754,0.0,0.46589106595515334,0.7158758742846133,0.23487718247296702,1.2566121190149713,0.8748106733366408,0.3229579986989508,0.5195336711959583,0.22646221160413782,0.2784589666582137,0.31436658677030765,0.1803398294560659,0.18499587828608163,0.16726490770403196,0.20447734721976019,4.072881963604882,0.8934980850471351,0
unrelated_a_8.py,unrelated_b_8.py,4.723519230715995,30.43679205068792,0.7478312360926856,0.609455201328041,0.6992319562715547,0.6238555320225501,0.7979107316801921,27.13264685807744,6.279354464275851,1.1211526685260518,12.516790896059815,0.8385767236464962,4.05721313988504,1.3412701758769123,1.0457296212948026,1.153461226959046,3.3113206307067538,0.674674074596355,1.2721021200477396,1.0675682752185744,0.7881678549674164,0.5248002272504131,0.4335674691886552,0.6113319741977888,0.32839739089018355,1.621317363468261,0.2052540524310267,0.0,0.0,0.42983659068023133,0.0,0.2836923659105884,0.0,0.0,1.4873402764170083,0.5374726518231996,39.197796880490074,0.8267514837195243,0.5492759880425746,0.6095738915476057,0.0,1.0366082995282837,0.7160616720031908,0.8056691860599918,0.5293281128976493,0.6232461950156513,5.694917334077674,2.2201930453810665,1.85965154411721,0.41335753086593036,2.1304775788445247,0.6918115906362406,0.0,0.4925747110609807,0.7014335287958079,0.2895922376676928,1.1649690917020388,0.8949553154013979,0.32288956466664753,0.4354474721125024,0.24070330203724996,0.29053186184563473,0.237902503880044,0.2522302508938293,0.2081919897688593,0.19996943547231877,0.25569952593543593,3.558626941343015,0.8937413404684795,0
unrelated_a_9.py,unrelated_b_9.py,4.0189179620243465,30.847114817759284,0.6947078268141675,0.6289587952178334,0.7192365481946639,0.5169724433546435,0.9297567928638919,23.355360633655046,7.208866885456663,1.1642479761488709,9.841469175606713,0.8777442598701449,3.9068225726374606,1.2926977864331806,1.0598453945379627,1.0352763455055003,2.936860849545859,0.6633066490357207,1.4940711476159714,0.8441482464696937,0.8090605173361456,0.43617047084355803,0.4923582495565807,0.5251354798807869,0.39620103299136655,1.7999557982759211,0.18501327576358573,0.0,0.0,0.48145050439891074,0.0,0.25031119141738245,0.0,0.0,1.6209523467134646,0.5493798576621509,38.71110651216073,0.8599980113577299,0.4129050827723414,0.7343980658435771,0.0,0.9669929163967437,0.693955962050796,0.8833311824227587,0.529010942684562,0.5275233967468536,6.24551181628103,1.6810596160439784,1.6527187643802435,0.42913053223572745,2.162171540469327,0.8162577204659829,0.0,0.40410948604526026,0.5437538763843155,0.2471165988360553,1.1079349160317553,1.054696844890204,0.28494551406716545,0.5107058744023328,0.256704454559733,0.26443879368210627,0.2802703242348121,0.2041128085869028,0.17607266213287479,0.2184048020889654,0.22512032181608405,4.506619776919536,0.9291940869983597,0
unrelated_a_10.py,unrelated_b_10.py,3.6099387674134884,23.33377754456618,0.6916367948982638,0.6081484315261686,0.637082344838956,0.5232189487432612,0.9379877397282465,22.52855878008045,7.0641416969817765,0.9182243068708075,11.497692683947903,0.786995681900508,3.8016682781896467,1.4130984061654785,1.2252091603317035,1.0810556857032223,2.946347092818528,0.913939584753825,1.483742809225886,1.1831253896067706,0.8704521903463207,0.504092384344361,0.583562100483764,0.552229200826213,0.43747518547048564,1.3140758362538894,0.18023763751964023,0.0,0.0,0.4656700776774507,0.0,0.2483673325249499,0.0,0.0,1.8722642685578057,0.543816019476353,43.23892256023996,0.7225597310858273,0.44857767878867727,0.8442816416725621,0.0,1.0285036680395963,0.6131197323186635,0.7695446643699105,0.5900952204126239,0.49848097004763064,6.064191910062554,2.220466097597653,2.1095886598764473,0.5716757354205302,2.333112225493147,0.7752876030087217,0.0,0.46149406585488706,0.6888719118041448,0.2729917386379821,0.8969859330177361,0.8548139728463361,0.36591769968513993,0.5838264008270573,0.24528647245740726,0.2673234551813783,0.24645219164791812,0.21221058928956074,0.20485134477040756,0.1822867673974166,0.25866876055005456,3.901723055495595,0.8911306398161797,0
unrelated_a_11.py,unrelated_b_11.py,3.7205105536668057,28.873101441832837,0.7149091634707039,0.5705921162441084,0.835026419761958,0.5401633027140449,0.8539319525145487,24.80826378266155,8.750338394324068,1.1218895367954582,11.353266364654838,0.8025470667761297,3.512397522444743,1.539844787725373,1.3483515842485174,1.0863913148579059,3.3918673802435535,0.7648355094830883,1.508058601543125,1.1034654904945078,0.8448945211980743,0.45372752411273576,0.5539092245097369,0.5932605176160797,0.4348814336505252,1.4191522457245676,0.19169774645966497,0.0,0.0,0.5028344808770887,0.0,0.2820738236434347,0.0,0.0,1.5677398371346887,0.5815747161659852,44.68127724831908,0.8246570994950739,0.5167392853467508,0.9174553088527171,0.0,0.9652461478751976,0.661534334131719,0.7102991646590903,0.5972631739341658,0.5202618657138927,6.4147809635712845,2.045649555317833,1.597524566136492,0.486289501623988,2.429810519773049,0.885930334766337,0.0,0.39501672817117717,0.6027362134310517,0.23768532419667493,1.0517134272556414,0.9451430712011074,0.35957583838142027,0.5132143670569442,0.23746363890574265,0.24158503445449753,0.2634174294295343,0.27927865453214523,0.19035186849259675,0.17537146203291953,0.23679470703168354,3.8873374962758773,0.753921071742211,0
unrelated_a_12.py,unrelated_b_12.py,4.190963519248688,26.6186247414385,0.7447775607144147,0.7006481148538138,0.7306241112411993,0.4909906473417091,0.9882751739333178,21.35934704558216,7.067404054722866,1.0633682567748106,13.58118026942093,0.7609649140154567,3.9534036550983838,1.220654003662622,1.0080368307343774,0.997455155241907,2.917262231473104,0.8605217868080344,1.468063160057558,0.9225790614868011,0.821743689300582,0.5259263428929951,0.6279103611033278,0.5165265092522069,0.4485443220377216,1.7713535684038746,0.1799914010953656,0.0,0.0,0.5234448264563403,0.0,0.2135068838966139,0.0,0.0,1.6543803440830092,0.576884429569352,45.07738751332049,0.7698938167886743,0.47748728448062083,0.7660141330131779,0.0,1.0427028734331916,0.6740816487655623,0.6594469462838094,0.6888043550953441,0.5124453788758923,6.0481831621650475,2.1654076189914506,1.6652093599990727,0.45529906919863034,2.1639519798590343,0.8503824139954305,0.0,0.46532129186314103,0.6729374199361606,0.2997684888304908,1.1728764235381994,0.9029966470877641,0.32968192037516086,0.5785225773805631,0.19162034760360308,0.2547553570198902,0.25190447459748533,0.23136910940935748,0.19342036234003274,0.22356230413620085,0.23511939343093888,3.683949642500934,0.9217528827482181,0
unrelated_a_13.py,unrelated_b_13.py,3.913430650811626,23.329022684389734,0.6604204642670498,0.5904253600796977,0.7927252080043959,0.4979173032503338,1.0865832738302448,18.8257221787067,7.989743420855398,1.1911842703610076,11.1306964960376,0.8631008221024866,3.4138746824457264,1.1470122126516675,1.1072777860576737,1.2717752776447995,3.3017214791160776,0.7863991027723475,1.079233731083269,0.9233726810215197,0.8213477877991812,0.5936615865273891,0.6073546236140241,0.5544598112758701,0.37309012947500325,1.5438515829343644,0.20505475278358298,0.0,0.0,0.4941026161185541,0.0,0.30029789225527714,0.0,0.0,1.3787829610281745,0.5860532806416564,42.28132210801209,0.9100885432797158,0.567766401066357,0.8423131819397893,0.0,1.1687562837070762,0.7756803878928139,0.745344995436968,0.7203377382314454,0.516892736847319,6.557532787242479,1.971279812087813,2.0750296894266658,0.4255935176520242,2.4507931249006845,0.834239246344489,0.0,0.417738374999724,0.5659298956021479,0.271491181261739,1.1585806261296598,0.9503072129911521,0.3317349226995644,0.5049279479224786,0.24023942816204624,0.26066732092194433,0.289046203442832,0.22431894507265465,0.20971759948995825,0.18177094738015387,0.237280012411601,3.7115959796005895,0.8998503622812357,0
unrelated_a_14.py,unrelated_b_14.py,3.759779212035068,26.228505288336144,0.7592252756671934,0.6198241266548604,0.7554777742785528,0.4529635293867905,0.7913919053381289,22.953481401264135,7.868740028624625,1.1436596327908743,11.397680065375575,0.7011149716395289,3.6178478831883583,1.268724953880191,1.0451363160497154,0.87228789839111,3.503733931638077,0.8272890348040839,1.6417674498755581,1.2563775927310827,0.7130895733616585,0.4790687258776443,0.519907133819003,0.45276518065344273,0.311093103086874,1.7917824624069503,0.16835641092439407,0.0,0.0,0.43314566562857626,0.0,0.25655181294057544,0.0,0.0,1.2487140446704001,0.5801232704173789,47.72775183111734,0.7976640704745568,0.532058797687446,0.9132257207046706,0.0,0.8750304633229257,0.7240380460791148,0.7469067046447457,0.6424606372461932,0.6219909276342203,6.069947562602627,2.1654542933989847,1.8622165093023584,0.5094781368917524,2.2039510522662678,0.831457329710788,0.0,0.3918838786197823,0.7486758475445157,0.21089567328328093,1.235421205528451,0.9353773872656547,0.4045387088015222,0.5511310813737038,0.21690480285774988,0.25019717289541626,0.2487256831012464,0.25833004148467215,0.19938483837327584,0.2035476618395718,0.24236550284890407,3.5713305289724784,0.8076069759928668,0
unrelated_a_15.py,unrelated_b_15.py,4.011235909600786,29.435007090181365,0.7293816129355956,0.6963506941324804,0.8389600239971855,0.5233986035739883,1.1867919979462636,19.161228863584633,7.8646018144848835,0.9511516092734722,11.20970722337638,0.7389831174401332,3.654957824987626,1.346124145181466,1.0104233329374526,1.0447843276703295,2.799386342374293,0.883013360008374,1.2103164670087319,1.0831425980293277,0.9071940113639705,0.5816401985525589,0.5265595792954647,0.5049491175341895,0.40876381254863836,1.414197754604118,0.176956970902768,0.0,0.0,0.5239649870430013,0.0,0.2413130922752107,0.0,0.0,1.3573185892685176,0.6584303646706225,46.199556960911366,0.8080709743624197,0.41199600100778233,0.7992496707465677,0.0,1.2391058793160687,0.7321343735585677,0.6114048586627445,0.6570024677180093,0.4686495973332536,6.134444595966076,1.9060929283252572,1.9577997963123288,0.46566673123038815,2.0850274830457916,0.8089297911608953,0.0,0.40744093691013067,0.6387025647053062,0.2686876214525494,1.146657986895023,0.9615854167586863,0.3194417126705371,0.6064222451820159,0.22787646281931953,0.24635973781876475,0.27916259430913826,0.23441230051948359,0.2373600468538447,0.18413143348627709,0.22577871611526443,4.047633727794688,0.860922816063631,0
unrelated_a_16.py,unrelated_b_16.py,3.3160916793928825,26.94892689102157,0.8168456555830842,0.7366478042829671,0.8437521169576921,0.5232724446985464,1.0002887377159064,23.324343902780548,7.37654384951293,1.1237323173783103,12.920179681567578,1.036966365793402,4.442411966371835,1.1161101643369524,1.2128679807159137,1.1011508815858524,3.585028950073658,0.9388572414440683,1.3896650248812035,0.9201126812651131,0.8316248834921264,0.5221238503009967,0.6473042829497168,0.5952014818742983,0.41399365566258084,1.786700151650754,0.17174167051116795,0.0,0.0,0.5306130507604861,0.0,0.25520159613092575,0.0,0.0,1.7602340822674678,0.4986125804000038,49.52108720787468,0.8265224340449994,0.5648450935910758,0.7966168604041189,0.0,0.9681064535829316,0.7563624677309163,0.7895349820196138,0.6815906821031923,0.49992879814429525,7.000143709545297,1.9079903076852287,1.7507886596159135,0.42666526495475315,2.059041714197431,0.7590245029897018,0.0,0.4183913868656426,0.7712928119202045,0.27242267085520616,1.1130513386728498,0.9389828914893296,0.2869686393576397,0.5022787835609921,0.2701697132515431,0.2476325844903301,0.2715931801102785,0.26390860494357676,0.19454414396298705,0.21720415924209446,0.23112385688414436,3.9036404832087483,0.6583864105155194,0
unrelated_a_17.py,unrelated_b_17.py,3.2366649573546593,29.626707357383037,0.710975719665633,0.661414704446332,0.7132531980407685,0.5967199839173166,1.0610458339779794,22.331248337274893,7.325847431207075,1.1008342931293749,11.031765008760345,0.9764626750250296,4.345579457067057,1.1440488950743235,1.0121468000262275,1.0794278837211517,3.317572093354784,0.7592644513049696,1.4945982518589798,1.0884282094046294,0.7882899561062564,0.5989452906768045,0.5833238290875962,0.3891957872270877,0.48488676851395224,1.5373174100496614,0.23397397285944982,0.0,0.0,0.43948378574999447,0.0,0.2651876787813259,0.0,0.0,1.5995849418425405,0.5459231995933391,48.22862219474407,0.8509042376738726,0.4268216042684942,0.8273712127940235,0.0,1.10179303402728,0.6227171921580102,0.6574640128337628,0.783314296567605,0.6105701225400537,6.122440317719716,2.1784801670983724,1.7570065225967417,0.4886143604656569,2.1619893624432724,0.8264978226787096,0.0,0.5010076252736808,0.6625790642124262,0.28425824316832315,1.0936269927731295,0.8402133664858346,0.32527244240658665,0.5515241561621874,0.24733909499161302,0.2816540556477449,0.2285731936124093,0.24519844892087075,0.20358107381418267,0.21275439363362875,0.238353593751452,4.43832700783378,0.6485272163964342,0
unrelated_a_18.py,unrelated_b_18.py,4.532732892050309,25.419901829617526,0.9007727039674317,0.6496077420333816,0.6012111525646137,0.4563314298932715,0.9388340743499154,23.045461442151918,7.42600842494389,1.0458438453391534,10.303790161223793,0.900757371903287,4.169356509583899,1.256293965647537,1.166339843738858,1.069635848113492,3.4898485620525195,0.8624378934441731,1.402919731375111,1.0529079604308784,0.7051125002268341,0.47986534227618816,0.59878901546797,0.5016458447573151,0.40579471990008226,1.3023295077246206,0.23481152569316488,0.0,0.0,0.40160457272961514,0.0,0.2685124136760914,0.0,0.0,1.368220300834746,0.4955553420994977,47.25463955583475,0.7254116176794497,0.5646289639046388,0.6366499480795973,0.0,0.886538162950846,0.7223842635643871,0.7136329555284183,0.7730361393736819,0.5870943283547041,6.040052670157207,2.0911316561712914,2.1345038692477614,0.43063463566214094,2.414492903257532,0.763274538286142,0.0,0.4452798443066673,0.7013965148453609,0.2900324808025767,1.107516974225248,0.9596642269564485,0.34543014835381974,0.6703520503282745,0.23911995266707406,0.24688475820878342,0.2379750843713993,0.2708492946627652,0.20489972121014038,0.18878195129258618,0.24110113719515475,3.665684975912683,0.7710823151608938,0
unrelated_a_19.py,unrelated_b_19.py,3.220687004263083,20.744582948079554,0.6997791672448772,0.6319267388637823,0.7855554650913807,0.5326647964211395,0.8755367776468949,21.314937704842336,8.07768602222913,1.1486399364599413,13.641058524510495,0.8104451932380244,4.171550896051137,1.3961633244838287,1.297098005544176,0.9901136051510504,3.420927819651004,0.7639527686478822,1.3681690632784067,1.0990042271056362,0.7270133269705934,0.6088673112273342,0.5853309119436115,0.557264656616671,0.3994104554371241,1.4980089700294879,0.1899258457560835,0.0,0.0,0.4886885411044959,0.0,0.24385451200094918,0.0,0.0,1.5427022753465427,0.4546550373386382,45.63810046719712,0.7788108893540567,0.4808489280208016,0.9180014661958631,0.0,0.7877871532993391,0.7353719260940806,0.8214848275614515,0.750617161757151,0.5460071082890656,6.151909995559323,1.833392950017254,1.668289101744231,0.49972436482851534,2.1517313826660716,0.8104083449216135,0.0,0.38680610454212,0.6725076208445728,0.2562777302409742,1.0905955120549182,0.8041456559495508,0.36318526511199956,0.5143746062570487,0.2996721512174523,0.2676970366518655,0.272402180539539,0.20109609986888477,0.23114721820067757,0.19031474138870386,0.227325189526732,3.9170342618354574,0.7918877658968871,0
unrelated_a_20.py,unrelated_b_20.py,3.9843757283894883,30.36056051789214,0.7472190296086032,0.6570931198609924,0.6727814821041808,0.481218394565626,0.9482579401798986,23.78149433040937,7.009300254152945,1.0521793588781099,11.157319685635533,0.8832919047219492,3.5513886436994566,1.248967388735158,1.216377142120259,1.0297606055777355,2.9417350960402837,0.7289073199458094,1.4430620797939728,1.0206460957712793,0.572191174735598,0.560631971983663,0.525168232076375,0.48086233152078595,0.4203894662815221,1.734907108682294,0.1964574963895775,0.0,0.0,0.49476607187614896,0.0,0.2774770755259538,0.0,0.0,1.5091423573109268,0.5780022252080508,50.45994544159429,0.8356884414436142,0.4732534603642635,0.8182486897646688,0.0,0.9716826527142791,0.6465301795848786,0.8330560939337922,0.7172052233992229,0.6259856455102586,6.034337353144354,2.406512637848292,1.6347343701471648,0.39635880852254596,2.070041155499719,0.8010656404856225,0.0,0.5390676988481466,0.6221449032354147,0.2747300443732786,1.1346293791040176,0.837011852139235,0.377512292435025,0.5618691282183758,0.24871257371015884,0.24772975365456226,0.2570878194147863,0.2184568800783342,0.23895727452608184,0.18649702238161964,0.23894052079757735,4.294786815144002,0.7865209434420272,0
unrelated_a_21.py,unrelated_b_21.py,3.9905878744447896,28.11948351993196,0.6903799606848562,0.7107207203364251,0.6563562904643421,0.41256550499613975,1.0614556759854559,22.211354309252247,8.870560181771111,0.8241306456655288,12.221627731745832,0.9119335797624348,3.8805739637576893,1.246814309796215,1.1971679168534952,1.0127114143678377,3.0879705506045694,0.8278082678647919,1.0498382011119678,0.9616615666221274,0.8332789793469328,0.621054060196538,0.5803681138377427,0.45771596831033246,0.3247166601446816,1.7001331357701572,0.20841498707552972,0.0,0.0,0.5939379309844075,0.0,0.27736258300081656,0.0,0.0,1.2259644785025365,0.5685567712783325,50.16723468690047,0.8537099065851783,0.5098288357813258,0.6515118134535041,0.0,1.1604917194996907,0.7948802287523855,0.8072103246886846,0.600571373301914,0.535266473573324,6.362390842021375,1.882946525708828,1.8394739098250696,0.4446751469969254,2.23159537736179,0.7973825941207086,0.0,0.47634824782530627,0.6609344800430559,0.24817450168553468,1.00091421106461,0.8356883572423232,0.2940395782373191,0.5761474093072165,0.2540323948432692,0.3054701319616553,0.2352830612305202,0.2426654699257468,0.18661445640798244,0.17010296917817067,0.21583504953868415,4.017300420328255,0.7257046244873047,0
unrelated_a_22.py,unrelated_b_22.py,3.5864489291192854,23.084425472286142,0.7351550637420222,0.6532179443343413,0.7937760407468134,0.48798757726504915,0.760259815498813,25.814362010908624,6.6454619830901445,1.156808767948681,11.626338883356114,1.0095158664379058,4.704272168542193,1.4207381797919276,1.0902823810654232,1.0215891902024772,3.4952194061414814,0.6891935981329707,1.6654809560005073,1.1481833411378473,0.6440330692928538,0.4825737992875035,0.5066700839475277,0.4867111461800009,0.38774963457534434,1.4328757063806246,0.16424527308875797,0.0,0.0,0.4930880427435824,0.0,0.26348468769954664,0.0,0.0,1.7106487001884167,0.5962096533275913,45.89235534539503,0.9545357690509833,0.5051684713410617,0.8291776441815835,0.0,0.9909450177856772,0.6032158609880081,0.7812611832278809,0.7139275376004601,0.5497962450812058,4.91996367772623,1.9516812802327967,2.0461143113595472,0.42572025086357745,1.9627283155365234,0.6796381585094511,0.0,0.46974506888653306,0.6546596150765824,0.3030627432593748,1.1023503590262413,0.8740235811313535,0.2534994214484231,0.5196122235565311,0.2676525690530599,0.23546033636534489,0.2693739072195128,0.24756349692812174,0.19131010747185279,0.20566056363694793,0.21390625153267692,3.8346756867189984,0.8198215670629876,0
unrelated_a_23.py,unrelated_b_23.py,3.980251230040613,29.65561991130178,0.8269398791634143,0.46733833675136277,0.8510916649538948,0.49322997581412503,0.8592630049088243,22.49333980895554,7.9172773080196155,1.1319864655552652,11.684585906602635,0.8010908299788374,3.999714776326798,1.3588782294611315,1.090205260557708,0.9905211231706916,3.1341050620222766,0.9649259343059381,1.2100210189555427,0.942822752574144,0.7283998100790773,0.4853115061694518,0.5254996870028497,0.4685523543395994,0.41722497898664446,1.7261699264050845,0.16019105668136407,0.0,0.0,0.5809049133263513,0.0,0.2835823350262961,0.0,0.0,1.234058150157577,0.5120912717870381,47.66891491397748,0.7414111463750499,0.4495218495723417,0.823893304503811,0.0,1.0844416077680847,0.7023662728934471,0.8449184941529162,0.6020941562919568,0.6242951893432539,6.7296175859164755,1.4645629476389606,1.514087615327773,0.511040187762413,1.8653966444886838,0.9280521338063334,0.0,0.3957095088797554,0.7273496703238022,0.2637315471695615,1.156626371302152,0.7635757207749139,0.348696839818859,0.4491231805982287,0.2223131915617447,0.2402120267878868,0.2168553990996893,0.18184082301938825,0.18028339301706064,0.1870007061554268,0.21713699026083816,3.8410785069031026,0.7021084925601032,0
unrelated_a_24.py,unrelated_b_24.py,3.457302359733677,28.118404144672457,0.666145236515953,0.7592086105884734,0.581595160674071,0.46651958929194215,1.1356122944502502,19.398045302768466,7.5233415561935795,1.1629743941091135,11.131187849425581,0.8340958519215335,4.089782559732449,1.5216152277302024,1.1429692256438642,0.8550964456708982,3.4276627820355743,0.7823226781103348,1.389575755241107,1.2836674866592475,0.671241846805982,0.4734856002825128,0.606059193262079,0.40753827735652726,0.41178146695779416,1.8441592970820209,0.19773833765153778,0.0,0.0,0.5600202793301394,0.0,0.2800744471756013,0.0,0.0,1.8049153719976512,0.5405565341679258,50.01390668610525,0.7323361214519797,0.39048132496474475,0.7381315177957466,0.0,0.9060007508597004,0.7732711582421508,0.8057676418451524,0.6756470885752633,0.5463081793986712,7.035027907070996,2.06539688174532,2.0077492166045436,0.5679019940898857,1.9151046839913541,0.6645656833927753,0.0,0.396118492143741,0.6427934412995848,0.2673135486570512,1.1225682502794663,0.9850696252893731,0.3414495420288574,0.6113880242673204,0.1819034921977927,0.26680180276537996,0.2774206680184198,0.2092566940951708,0.21080309027604324,0.20099265137070726,0.22154698828095876,3.8401995671714917,0.8566792456650172,0
unrelated_a_25.py,unrelated_b_25.py,3.9568379681179393,28.69035616396974,0.722828567744796,0.5972371891851997,0.7239024797553861,0.5981689291195893,0.9916438771161605,20.558155455733413,8.209005744929257,0.9991788241790859,13.17044347650673,0.8845933164437882,3.775350717975577,1.1273554315929624,1.11231426326069,1.0816821997767123,3.8742533264346513,0.7372180784881586,1.4020674222967293,1.088541523253672,0.7652400976917917,0.5148924934397399,0.536259322444593,0.5696538156539782,0.43241102424377714,1.4467520784426913,0.22896153802205918,0.0,0.0,0.5573250432673688,0.0,0.2530140571768186,0.0,0.0,1.3638680431054833,0.5701365096707912,50.368039035660324,0.6728924841790388,0.4537824170168505,0.6982252640128113,0.0,1.144584564048456,0.7192004116800786,0.6203986957797901,0.6123752588337841,0.5537027076481048,5.653082705353868,2.1669772525840205,1.5972600566165895,0.5071696528835918,2.217624546892353,0.6344548667888261,0.0,0.3897475003033083,0.6183416608869907,0.29238404415212704,1.1056422023117805,0.9709890058468154,0.37951514854596574,0.5873887016196738,0.20956263958382146,0.29386221425884934,0.2082657665852074,0.2586296711463157,0.20053656529076297,0.24510103003389835,0.24055059549749805,3.995005495119195,0.8357471068222377,0
unrelated_a_26.py,unrelated_b_26.py,3.772739333200307,32.261105880485545,0.7356629219637467,0.5536163340114005,0.613121194215996,0.44309167228709584,0.9944309572049349,20.892814629742404,6.447198749393334,0.9972743716077523,12.523368732816056,0.9191488455276839,4.125646049575167,1.3982119440259326,1.1193857625482022,0.9675887553565985,3.3881621639780986,0.7644158253193248,1.1496667465595092,1.1103358456508317,0.8953502682778636,0.5800780402773791,0.621229704525291,0.5833710331662606,0.39187175379082567,1.6570490485596943,0.21007325449579367,0.0,0.0,0.36042555081225025,0.0,0.23606984575418294,0.0,0.0,1.6065397115389415,0.41255907527745217,37.47869925957455,0.8241565432273151,0.5079912392212503,0.6656075482545274,0.0,0.8518454242102177,0.63713168277719,0.771502355895255,0.8028937281141417,0.5273424319706156,5.734370061858947,2.1876055199049924,1.7866753598786613,0.41669029451805173,2.2536304230737505,0.8039246859644975,0.0,0.4499838992237257,0.658258396619785,0.26814018385509114,1.1138600286846592,0.9076730076201504,0.3025452765973267,0.6074832876099899,0.2100254725731837,0.24470884706639018,0.23874233008733559,0.2610961039173405,0.17396373328587736,0.16316265291092213,0.26587500609741854,3.793002113760281,0.7431000519092829,0
unrelated_a_27.py,unrelated_b_27.py,4.213929033985341,24.084271158703363,0.8180232050405645,0.7027336675498702,0.6899561002247245,0.4953131924511955,0.9968307223821458,21.059587873982043,8.193555154478673,1.0297298836546933,10.673932941917244,0.7127592729418821,4.011820546213228,1.016337780236269,0.9456921066722259,1.0480362771196485,2.8593772486080073,0.7523974800257746,1.2434495564146608,1.0746984077989477,0.617484493318134,0.6029203268663609,0.5391048444296345,0.437130833298646,0.40263773825771115,1.8500716807428095,0.21962812156831174,0.0,0.0,0.4791254063734647,0.0,0.26248802217532524,0.0,0.0,1.306291603989638,0.609759445065254,42.93561210082062,0.6491873273622191,0.6148882180632295,0.80056487318592,0.0,0.9789232402610396,0.6304425345983113,0.7959300871094532,0.654897951752679,0.587773061206944,6.416893033929652,2.21118214272792,1.6720302307068058,0.4768288692330864,2.3923230846336008,0.7418053157734262,0.0,0.4528259872290162,0.6270532332634984,0.24321159505940262,1.40172510775783,0.9679611332759879,0.37532150392725094,0.4467773298387008,0.26133583065872434,0.2608873821780461,0.3118296981154704,0.24304801125411002,0.21267895516067314,0.2134128599972912,0.24418932118036027,3.8049976534251173,0.7995171930168599,0
unrelated_a_28.py,unrelated_b_28.py,4.662006854522294,27.037106002337616,0.7870869507321128,0.7647733197409989,0.6971924570248772,0.35084852996429194,1.0987876684969224,26.620931147661636,6.909697870227519,1.1443260046917187,11.18426823353594,0.8517797091232532,3.8723522557200956,1.218455435526291,1.0983883222043975,0.8881059462277888,3.1568070661579704,0.789731201153368,1.351510106157394,1.1529063941319153,0.8148060182589033,0.5404876783413624,0.5541206940382023,0.5151721630053778,0.3869500307684638,1.5103913981868697,0.19137670060637263,0.0,0.0,0.5671244891679065,0.0,0.30407094917027455,0.0,0.0,1.7178671023937693,0.603016017779032,51.04223966306809,0.8085119726683573,0.41322394483487174,0.8063747870107136,0.0,1.0978912956969902,0.6280482373661781,0.7350953283058685,0.7015793796108594,0.6658077353716854,6.8262003831793985,2.074562160266876,1.9945337228934488,0.43225036430848124,2.2590216823103253,0.7150908360768156,0.0,0.39448421338958384,0.7076974163258246,0.26700142510377545,1.1603556640634325,0.9133493565764063,0.3310026980586011,0.4789557521528732,0.25650722014139904,0.23650023643517679,0.24683584308750034,0.2317000254466319,0.2022303409476128,0.20990924323205867,0.25489239304072847,3.525289997063259,0.8141026508457726,0
unrelated_a_29.py,unrelated_b_29.py,3.4014307598034534,26.758147760462013,0.8172882877290013,0.6166975998518673,0.6835127361906914,0.5594460991173664,0.8290627369002112,22.85346604626136,5.956831963653216,0.9460904895240564,11.721550991966872,0.8592205915022069,4.071772663003952,1.2499606704270814,1.0408647387115202,0.9737339469619929,3.1555203040430833,0.8143077509008789,1.5448998026389684,1.1363579981772403,0.8861510447620754,0.4149576410454814,0.630430954546172,0.49198213490347903,0.4065592885047407,1.5404039285946844,0.1920191104032385,0.0,0.0,0.4746919180689092,0.0,0.23083263850028013,0.0,0.0,1.3188492095735993,0.46760398704736084,36.60235826067181,0.8588616501633505,0.479997394888278,0.7969140386860485,0.0,0.9886396023082952,0.761768183993805,0.87375816154426,0.6946270553274222,0.5840542715186552,6.022441393692126,1.9479527952838684,1.984618480222695,0.37284584174279667,2.545132783499919,0.8180368361163272,0.0,0.4238958351481853,0.5957383594282997,0.2551838360376342,0.9998459571986179,0.9043591915614021,0.33009102470436663,0.5130630972700484,0.2387211716841672,0.26305266980139475,0.2645063206174133,0.2072173839046295,0.18440902700641476,0.1823345759942348,0.20229514958819753,4.110717656761593,0.7392202775454754,0
unrelated_a_30.py,unrelated_b_30.py,3.6857021805354107,30.524869243574027,0.7928040035082567,0.6429082181768863,0.561302762518424,0.5404063916664754,0.9305952267176483,21.622889499889368,8.327908028588482,1.088620940607497,11.916074059799456,0.7657538128887447,4.321850399229575,1.2957695410427184,1.2495009332705598,1.0794638707062045,3.254005958124729,0.8080109623967455,1.360998566788045,1.1286795251694748,0.8356570048752304,0.5376759724237965,0.5851545113118282,0.4004878315873644,0.40473959564461953,1.572224960251553,0.18252963835343433,0.0,0.0,0.4759601807163978,0.0,0.22232776644595031,0.0,0.0,1.404523870946661,0.6112856121315197,48.88515114592744,0.7615318960731207,0.5482606712730289,0.770640356082705,0.0,1.0457283078258792,0.7896617591095363,0.504906418765725,0.6580062395017354,0.6412373150221771,6.506859755169874,1.986226273186767,1.9658505096674488,0.41016815236622095,1.9103046762285634,0.8025471244886768,0.0,0.4647490774376633,0.6937723513998817,0.21106189336656014,1.2019085661610227,0.7715918526535988,0.31195007997009017,0.5047469313848715,0.2327229927744769,0.21623692130688285,0.223950787677474,0.25956924854857044,0.1988175397273791,0.18272288626963185,0.17671737958649264,4.3257352242633,0.7653028782999282,0
unrelated_a_31.py,unrelated_b_31.py,3.8371289071734322,27.41953049244433,0.7376835734512375,0.6803856224817313,0.6588504903687794,0.4972975312133485,0.9991329584053714,26.19755280479667,7.028616844307116,0.8755333915213889,12.897934294977741,0.8603598150872032,3.8833930856338466,1.2639760209603015,1.0997382656379113,0.9994746077709805,2.9578271086394423,0.7271021607672828,1.5002625979014492,1.023869233120808,0.9854016925988558,0.4176986231633799,0.5712868697631492,0.5446905271779864,0.36073806526199736,1.6804332474742292,0.21594870809650982,0.0,0.0,0.4439494078326571,0.0,0.25078325305220495,0.0,0.0,1.65431291269762,0.5194280541660509,48.457169840135656,0.6819719019032358,0.5843658558041689,0.7026146445982732,0.0,1.0325312958764825,0.7791651245074284,0.6578001410497026,0.7402069380861194,0.6136370435541844,6.1530745648133705,1.9469301582044554,1.9521946498504643,0.53297304760353,2.593196356510279,0.766613512282525,0.0,0.5154611347820557,0.6691385297017564,0.31574213669557405,1.141966049737006,0.9429734236248638,0.34332960335761237,0.540544919441051,0.24268540699227095,0.22235848444164685,0.293232675599177,0.2562215619078111,0.2027720825816883,0.19061831165288912,0.22947981092618147,4.4892735505912915,0.73071362589449,0
